0,idx
သွေးတိုး ကျ စေ တယ်,idx_new_health_0
ဆီးချို တိုင်း ကြည့် ပါ,idx_new_health_1
ဆီးချို အတွက် ဆေး လား,idx_new_health_2
သွေးတိုး နေ လို့ ပါ,idx_new_health_3
ဆီးချို ကို လဲ ကျ စေ တယ်,idx_new_health_4
နှလုံး အားဆေး က ပျားရည် ပါ,idx_new_health_5
ရွှေကျင် နှလုံး သည်းခြေဆေး သောက် ပါ,idx_new_health_6
သွေးတိုး ကျ စေ ပါ လိမ့် မည်,idx_new_health_7
ကလေး ဆီးချို ဖြစ် နိုင် လား ရှင့်,idx_new_health_8
ဆီးချို သွေးတိုး ထိုး လို့ ရ လား,idx_new_health_9
ဆေးခန်း သွား ဆီးချို ပါ အရေးကြီး သည်,idx_new_health_10
ဆေးထိုး ပြီး ရင် ဆီးချို တက် တတ် ပါ သလား,idx_new_health_11
နှလုံး ရောဂါ အကြောင်း သိ ချင် ပါ တယ်,idx_new_health_12
နှလုံး သွေးကြောကျဉ်း ချင် တာ မျိုး,idx_new_health_13
ပျို့ တယ် အန် တယ် သွေးတိုး တယ်,idx_new_health_14
သွေးတိုး ရောဂါ လုံးဝ ပျောက်ကင်း ပါ သည်,idx_new_health_15
ဆရာကြီး ကိုယ် စိတ် နှလုံး ဖြာ ကျန်းမာ ချမ်းသာ ပါ စေ ရှင့်,idx_new_health_16
ဆီးချို ဆိုတာ သွေးတိုး က နေ စတာ ပါ,idx_new_health_17
ဆီးချို ရောဂါ သည် တွေ ထိုး ရ လား,idx_new_health_18
နှလုံး အသည်း ကျောက်ကပ် တိုက်ရိုက် ထိ ပါ တယ်,idx_new_health_19
လေ့ကျင့်ခန်း လုပ် ပါ နှလုံး ဆရာဝန် နှင့် ပြ ပါ,idx_new_health_20
သွေးတိုး ရှိ နေ ရင် သွေးပေါင်ချိန် ပါ နော်,idx_new_health_21
သွေးတိုး မ ကျ ရင် လဲ ဆီးချို ဝင် တယ်,idx_new_health_22
ဟုတ်ပ ငါ ဆို ခေါက်ဆွဲခြောက် ထုပ် တွေ ရေ ဖျော် စား ပြီး ရင် ချက်ချင်း သွေးတိုး တယ်,idx_new_health_23
ဆီးချို က ပိန် တဲ့ သူ လည်း ဖြစ် တတ် လား ဗျာ,idx_new_health_24
ဆီးချို ကျ နေ တာ မ ကောင်း ပါ ဘူး,idx_new_health_25
ဆီးချို ဖြစ် ရင် ဘယ်လို လက္ခဏာ တွေ ပြ တာ လဲ ညီမလေး,idx_new_health_26
ဆီးချို ဘယ် အရွယ် က စ ဖြစ် တတ် လဲ,idx_new_health_27
သွေးတိုး နေ ရင် လည်း ဖောင်း နေ တတ် ပါ တယ်,idx_new_health_28
ချို ငန် စိမ့် အဆီ အဲ့ဒါ တွေ က ဆီးချို သွေးချို ကို အားပေး တယ်,idx_new_health_29
ဆီးချို တက် နေ ရင် ကော တိုက် လို့ ရလား ရှင့်,idx_new_health_30
ဆီးချို ကြောင့် ယား ရင် တော့ မ ပြော တတ် ဘူး,idx_new_health_31
ဆီးချို ဖြစ် ရင် ကော ဘယ်လို လက္ခဏာ တွေ ပြ တာ လဲ ရှင့်,idx_new_health_32
ဆီးချို ရှိ တယ် ကိုဗစ် ကာကွယ်ဆေး ထိုး လို့ ရ လား,idx_new_health_33
ဆီးချို သွေးချို ရော ရှိ နေ လား စစ် ကြည့် ပါ ဦး,idx_new_health_34
ဆီးချို သမား တွေ ရော ထိုး လို့ ရ လား ရှင့်,idx_new_health_35
နှလုံး ရှိ တဲ့ ရင်ဘတ် နေရာ မှာ တောင် မနာ ဘူး,idx_new_health_36
နှလုံးသွေးကြောကျဉ်း တာ လည်း ဖြစ် နိုင် ပါ တယ်,idx_new_health_37
လမ်းလျှောက်ခြင်း က နှလုံး ကို တိုက်ရိုက် အားပေး ပါ တယ်,idx_new_health_38
လေဖြတ် ရောဂါ နှင့် နှလုံး နာ ရောဂါ မှ ကင်းဝေး ပါ လိမ့် မယ်,idx_new_health_39
သွေးတိုး မ ရှိ လျှင် ဓာတ်ဆားရည် သောက် နိုင် ပါ တယ်,idx_new_health_40
ဆီးချို စ ဖြစ် တဲ့ လက္ခဏာ လေး သိ ချင် လို့ ပါ,idx_new_health_41
ငါးကြီးဆီ နေ့ တိုင်း သောက် ပါ နှလုံး သွေးကြောကျဉ်း ကာကွယ် တယ်,idx_new_health_42
စစ် ကြည့် ပါ အဲ့ ဒါ လည်း လက္ခဏာ တစ်ခု ပါ ဆီးချို အတွက်,idx_new_health_43
ဆီးချို ဆေး ကို အမြဲ စွဲသောက် ပေး ရင် သက်သာ ပါ တယ်,idx_new_health_44
ဆီးချို ရောဂါ ပျောက်ဆေး တွေ လဲ အမျိုးမျိုး စား ခဲ့ ပါ တယ်,idx_new_health_45
ဆီးချို သွေးချို အတွက် အထူး ကောင်း တဲ့ ဆေး ရှိ ပါ တယ်,idx_new_health_46
တစ် လ ပြည့် သည့် နေ့ ဆီးချို သွေးချို ပြန် စစ် ကြည့် ပါ,idx_new_health_47
ဒါ့ အပြင် ငှက်ပျောသီး စားသုံး ခြင်း က ခန္ဓာကိုယ် အတွက် သွေးတိုး ကျ စေ တယ်,idx_new_health_48
ဓနိဖူး ခြောက် ရေနွေး သောက် တာ လေ ဆီးချို မ တက် တော့ ဘူး,idx_new_health_49
နှလုံး အားနည်း လို့ နှလုံး ရပ် သွား တာ ထင် ပါ တယ်,idx_new_health_50
နှလုံး အောင့် တာ နဲ့ တော့ သိပ် မ တူ ပါ ဘူး,idx_new_health_51
နှလုံးခုန် နှုန်း မြန် နေ ရင် ကော ကိုဗစ် ဖြစ် နိုင် ပါ သလား,idx_new_health_52
ပုံမှန် လူ တစ် ယောက် မှာ နှလုံးခုန် နှုန်း ဘယ်လောက် ရှိ လည်း ရှင့်,idx_new_health_53
ရင်ကျပ် ကောင်း တုန်း အအေးပတ်ခါ သွေးတိုး ၍ အန် ပါ တော့ သည်,idx_new_health_54
ရွှေဆိုင် နဲ့ ဖော် ထား တဲ့ ဆေး နှလုံး အသဲ ကြီး တဲ့ ရောဂါ ကောင်း တယ်,idx_new_health_55
သွေးတိုး နေ တာ ဘီပီအိုင် ဓာတ်ဆားမှုန့် သောက် လို့ ရ လား ရှင့်,idx_new_health_56
သွေးတိုး ရောဂါ ပျောက် ချင် ပါ တယ် အလင်းပြ ပေး ပါ ဆရာ,idx_new_health_57
သွေးတိုး လေငန်း သမား များ အတွက် ဆေး ကောင်း တစ် ခွက် ပါ ဘဲ,idx_new_health_58
သွေးတိုး ရောဂါ ကို ကော အုန်းမှုတ်ခွက် နင်း ရုံ နဲ့ ပျောက် ပါ့ မလား,idx_new_health_59
ကလေး ဆီးချို က ဘယ် အရွယ် လောက် မှာ စ သိ ရ လဲ ရှင့်,idx_new_health_60
ကလေး ဆီးချို ရောဂါ ကြောင့် လည်း ဆီး သွား များ တတ် ပါ တယ်,idx_new_health_61
ကိုဗစ် ဖြစ် ပြီး ဆီးချို ဖြစ် သွား ရင် ပြန် မ ကောင်း တော့ ဘူး လား,idx_new_health_62
ဆီးချို ရှိ ရင် ကလေး ထိခိုက် နိုင် လား ဆရာမ,idx_new_health_63
ဆီးချို အမှန်အကန် ပျောက် ချင် ရင် လာ ဆက်သွယ် ပေး ပါ ဗျ,idx_new_health_64
ဆီးချို က ကိုယ် နဲ့ တစ်သက်လုံး အတူ နေ သွား မဲ့ သူ ပါ,idx_new_health_65
ဆီးချို ရောဂါ ရှိ သူ တွေ နင်း ရင် ကော ပျောက် ပါ သလား,idx_new_health_66
ဆီးချို ရောဂါ ရှိ သူ များ ဥသျှစ်သီး ကို ကြို သောက် ကြ ပါ,idx_new_health_67
မ တည့် ဘူး အစ်မ ဆို သွေးတိုး ရှိ လို့ ကြိုက် ပေ မဲ့ မ စား ဘူး,idx_new_health_68
နောက် တစ် ခု က ဆီးချို တက် ရင် လည်း အသက်ရှု မ ဝ ဖြစ် တတ် တယ်,idx_new_health_69
နှလုံး က ပုံမှန် ထက် ခုန် ပြီး ည အိပ် မ ရ လို့ ပါ,idx_new_health_70
နှလုံး ရောဂါ သေချာ တယ် ဆို ရင် မကွေး ဦးဝင်းမြင့် နှလုံး ဆေး သောက်,idx_new_health_71
သွေးတိုး ရှိ ရင် တော့ အငန် တွေ မုန့်ဟင်းခါး တွေ လျှော့ စား ပါ,idx_new_health_72
သွေးတိုး ရောဂါ ပျောက်ကင်း စေ ရန် ဇီးသီး နဲ့ လက်ပံပွင့် ရော ပြီး ဟင်းချို ချက် စား ပါ,idx_new_health_73
သွေးတိုး ရောဂါ ဟာ လူကြီး လူငယ် ကျား မ မ ရွေး အဖြစ် များ နေ တဲ့ ရောဂါ တစ်ခု ပါ,idx_new_health_74
မကွေး ဦးဝင်းမြင့် သို့မဟုတ် အဝေရာ နှလုံး အားဆေး တစ်မျိုးမျိုး နေ့စဉ် မှီဝဲ ပါ,idx_new_health_75
ဆီးချို ထိန်း ချင် ရင် နေ့တိုင်း နာရီဝက် တစ် နာရီ ကိုယ် လက် လှုပ်ရှား အားကစား လုပ် ပါ,idx_new_health_76
ဆီးချို ရောဂါ စွဲကပ် လာ တာ လဲ ရှစ် နှစ် လောက် ရှိ ပါ ပြီ,idx_new_health_77
ဆီးချို ရှိ တဲ့ သူ တွေ တော့ နာနတ်သီး အူတိုင် ကို စား ပေး ပါ,idx_new_health_78
ဆီးချို သမား အများစု က တော့ ပိန် တာ များ တယ် ဖင် တွေ ရှူး လို့,idx_new_health_79
ဆီးချို ကျ ရင် မ ကောင်း ပါ အရမ်း အန္တရာယ် ရှိ ပါ တယ် သတိထား ပါ,idx_new_health_80
ဒေါသထွက် လျှင် စိတ် ထိခိုက် လျှင် ဝမ်းနည်း လျှင် ဆီးချို အော်တို ဝင် လာ ပါ တယ်,idx_new_health_81
အမေ ဆီးချို ဖြစ် နေ လို့ ယာကွန်း ဆိုတာ ဘယ်လို မျိုး လဲ နမူနာ လေး ပြ ပေး ပါ လား,idx_new_health_82
ကိုဗစ် ကာကွယ်ဆေး တိုင်း က နှလုံး ရောဂါ သမား တွေ မှာ ထိုး လို့ ရ ပါ တယ်,idx_new_health_83
ကြောင်လျှာသီး နှင့် ပုစွန် ချက် စား က နှလုံး လေ ရိုက် ရောဂါ နှလုံး တုန် ရင် တုန် ရောဂါ ပျောက် ၏,idx_new_health_84
ဆီးချို လူနာ တွေ မှာ အတွေး မှား တတ် တာ လေး ရှိ တတ် ပါ တယ်,idx_new_health_85
နံနက်စာ မ စား တဲ့ သူ ဟာ တဖြည်းဖြည်း နဲ့ နှလုံး အားနည်း လာ ပါ တယ်,idx_new_health_86
နှလုံး ရောဂါ ရှိ တဲ့ သူ တစ် ယောက် က ပုံမှန် နှလုံးခုန် နှုန်း ဘယ်လောက် ရှိ ရ မလဲ,idx_new_health_87
နှလုံး ရောဂါ ရှိ သူ နှလုံး အားနည်း ၍ မောပမ်း သူ များ ပျားရည် စား ပေး ပါ,idx_new_health_88
နှလုံး သွေးကြော ကျဥ်း နေ ရင် ကာကွယ် ဆေးထိုး လို့ ရ လား ရှင့်,idx_new_health_89
ကျွန်တော် ဆို သွေးတိုး နဲ့ နှလုံးခုန် နှုန်း မူမမှန် တဲ့ ရောဂါ ရှိ ပါ တယ်,idx_new_health_90
ဆရာ ကို တစ် ခု လောက် မေး ပါ စေ နှလုံး နံရံ ရောင် ရင် စိုးရိမ် ရ လား ဆရာ,idx_new_health_91
ဆီးချို သွေးတိုး အမှန် တကယ် ပျောက် ချင် တယ် ဆို ရင် ဆက်သွယ် ပေး ပါ ဗျ,idx_new_health_92
ဆီးချို ကျ စေ တယ် ဝမ်းချုပ် ခြင်း ကို သက်သာ စေ တယ် အဖျား ကျ စေ တယ်,idx_new_health_93
ဆီးချို သွေးချို ခံစား နေ ရ သူ များ ထံ ပို့ဆောင် ပေး လျှက် ရှိ ပါ တယ်,idx_new_health_94
ဆီးချို အရမ်း ကျ နေ ရင် အချိုဓာတ် ရအောင် သကြားလုံး တစ် လုံး လောက် စား ပေး ပါ,idx_new_health_95
တစ် ပတ် ကြာ လျှင် ထူးခြား စွာ ဖြင့် နှလုံး ရောဂါ သက်သာ ပျောက်ကင်း ကြောင်း သိ မြင် ရ ပါ လိမ့် မည်,idx_new_health_96
နှလုံး ရုတ်တရက် ဖောက်ပြန် ခြင်း ကို လျှော့ချ ပေး နိုင် ပါ ကြောင်း ဖော်ပြ ထား ပါ တယ်,idx_new_health_97
မျက်စိမှုန် ခြင်း ဇက်ကြောတက် ခြင်း သွေးတိုး လေငန်း ရောဂါ များ သက်သာ ပျောက်ကင်း သွား ပါ မည်,idx_new_health_98
သွေးတိုး အတွက် တိုင်းရင်းဆေး တွေ ထဲ မှာ နာမည် အကျော်ကြားဆုံး က တော့ ဒန့်သလွန်ရွက် ဖြစ် ပါ တယ်,idx_new_health_99
ဟုတ် အမ က ဝ တာ လား ရှင် ဘာ ဖြစ် လို နှလုံး သွေးကြောကျဉ်း ဖြစ် တာ လဲ့ အမ,idx_new_health_100
ကမ္ဘာ့ လူသား အားလုံး ကို သွေးတိုး ရောဂါ လုံးဝ လုံးဝ ပျောက်ကင်း စေ တာ ပြောင်းဖူး ပြုတ် ရည် ပါ,idx_new_health_101
ကိုဗစ် က ဝမ်းကိုက် ဝမ်းလျှော ဖြစ် တတ် ပါ တယ် သွေးတိုး မ ရှိ လျှင် ဘီပီအိုင် ဓာတ်ဆား တိုက် ပါ,idx_new_health_102
ကျွန်မ အမေ က တော့ နာတာရှည် ဆီးချို လူနာ မို့ ကျောက်ကပ် ပျက်စီး သွား တာ ပါ ရှင့်,idx_new_health_103
ငယ် တုန်း အချိန် စား ထား တာ တွေ က အသက် ကြီး တဲ့ အချိန် ဆီးချို ဖြစ် ကြ တာ ပါ,idx_new_health_104
ဆရာဝန် က ဆီး စစ် တော့ ဆီးချို မ ရှိ ဘူး တဲ့ အဲဒါ ကြောင့် မို့ သိ ချင် တာ ပါ,idx_new_health_105
ဆီးချို က သေရာပါ ရောဂါ ပါ အရှင်း မ ပျောက် ပါ ဘူး ဆေးစွဲ စား ရ ပါ တယ်,idx_new_health_106
ဆီးချို နဲ့ ပတ်သက် လာ ရင် အမှတ် မှား အသိ မှား နေ တာ တွေ ရှိ ပါ တယ်,idx_new_health_107
ဆီးချို သမား တွေ ရော ဆီးချို မ ရှိ သူ တွေ ပါ သတိ ပြု မိ ဖို့ မျှဝေ ပါ တယ်,idx_new_health_108
ဒီ ကမ္ဘာ မှာ တော့ ဆီးချို ပျောက် တဲ့ ဆေး အခု ထိ တော့ မ ပေါ် သေး ဘူး ဗျ,idx_new_health_109
နှလုံး ကြီး တာ က သွေးတိုး မ ထိန်း နိုင် တာ ကြောင့် လည်း ဖြစ် နိုင် ပါ တယ်,idx_new_health_110
နှလုံး မှ ပေး ပို့ တဲ့ သွေးကြော တွေ ပိတ် တာ ကျဉ်း တာ တွေ ဖြစ် နေ လို့ ဘဲ,idx_new_health_111
နှလုံး ရောဂါ ရှိ ပြီး နှလုံး ဆေး တွေ နဲ့ သွေးကျဲ ဆေး ပါ သောက် နေ ရ တယ်,idx_new_health_112
နှလုံး ရောဂါ ဟာ ရုတ်တရက် အသက်ရှူ ရပ် ပြီး သေ စေ နိုင် တဲ့ အထိ ပြင်းထန် ပါ တယ်,idx_new_health_113
နှလုံး သွေးကြောကျဉ်း ရောဂါ ရှိ သူ တွေ အထူး သတိထား ဖတ် မှတ် ထား ဖို့ လို ပါ တယ်,idx_new_health_114
နှလုံး အားနည်း တာ ဖြစ် နိုင် တယ် ဆရာဝန် နဲ့ တိုင်ပင် ပြီး နှလုံး ဆေး သောက် သင့် တယ်,idx_new_health_115
မ နှလုံး ကျန်းမာရေး တွက် အခု ပေး တဲ့ နည်း တွေ က အထောက်ကူ အများ ကြီး ရ ပါ လိမ့် မယ်,idx_new_health_116
လေးဘက်နာ ဖြစ် နေ ရင် နှလုံး ရောဂါ ရော ဖြစ် တတ် လား တစ်ခါ တစ်ခါ အသက်ရူ ကြပ် လို့ ပါ,idx_new_health_117
ဝ ပြီး သွေးတိုး သူ များ က နနွင်းခါး ကို အမှုန့် ကြိတ် ၍ ပျားရည် နှင့် စား ပါ,idx_new_health_118
သွေး တွင်း သကြား ဓာတ် ပမာဏ ကို လျှော့ချ ပေး နိုင် လို့ ဆီးချို ရောဂါ အတွက် ပါ ကောင်းကျိုး ပြု ပါ တယ်,idx_new_health_119
အစားအသောက် အနေအထိုင် သေချာ ဂရုစိုက် ပြီး ဆီးချို ထိန်း နိုင် မယ် ဆို ပြန် ကောင်း သွား မှာ ပါ ရှင်,idx_new_health_120
ကျွန်တော် ဆို နှလုံး သွေးကြော တစ် ချောင်း ပိတ် သွား ပြီ ကု လို့ မ ရ တော့ ဘူး တဲ့,idx_new_health_121
ဆီးချို အထူးကု နဲ့ ပြ ပါ လေ့ကျင့်ခန်း များများ လုပ် ပေး ပါ ဆီးချို ကျ ပါ တယ်,idx_new_health_122
ဆီးချို သွေးတိုး နှလုံး ရောဂါ ရှိ တဲ့ လူ တွေ အတွက် သောက် သုံး လို့ ရ ပါ တယ် နော်,idx_new_health_123
ဆီးရွှင် ဆေး ရှိ တယ် အင်္ဂလိပ် ဆေး သောက် ကြည့် ပါ ဆီး သွား မှ ဆီးချို ကျ မှာ ပါ,idx_new_health_124
နှလုံး အထူးကု ကိုယ်တိုင် တီဗွီ ဓာတ်မှန် ရိုက် ကြည့် ပြီး ပြော တာ စိုးရိမ် စိတ် မ ထား ပါ နဲ့,idx_new_health_125
နှလုံး ခုန် တာ ပုံမှန် ပြန် ဖြစ် တဲ့ အထိ သို့မဟုတ် ကူညီ မယ့် လူ ရောက် တဲ့ အထိ ဆက်လက် လုပ်ဆောင် ပါ,idx_new_health_126
မွေးရာ ပါ နှလုံး အပေါက် ပါ လို့ ရှိ ရင် ကိုဗစ် ကာကွယ်ဆေး ထိုး လို့ ရ ပါ သလား ရှင့်,idx_new_health_127
အုန်းရည် က တော့ ဆီးချို သမား တွေ မှာ သောက် လို့ ရ တယ် လို့ အကြံ ပြု ချင် ပါ တယ်,idx_new_health_128
အဲ့လို ဖြစ် နေ တယ် မနက်ကျ အားကုန် ည ဆို ဆီး ခဏ ခဏ သွား ဆီးချို စ ဖြစ် တာ လား,idx_new_health_129
ကင်ဆာ အဆစ်ရောင် ရောဂါ ဆီးချို နဲ့ စိတ်ကျ ဝေဒနာ တွေ အတွက် နနွင်း ဟာ အကောင်းဆုံး ဆေး တစ် မျိုး ဖြစ် ပါ တယ်,idx_new_health_130
ဆီးချို ဆိုတာ မျိုး က သွေး ထဲ မှာ သကြားဓာတ် တွေ များ လာ လို့ ဖြစ် လာ တာ ပါ တဲ့,idx_new_health_131
ဆီးချို ဆေး တွေ က အစာ စား ပြီး သောက် တာ လား မ စား ခင် ကြို သောက် ရ တာ လား,idx_new_health_132
ဆီးချို တိုင်း တဲ့ စက် ကလေး ဆောင် ထား ပေး တစ် ပတ် ကို တစ်ခါ နှစ်ခါ လောက် ပဲ တိုင်း ပေး နေ့တိုင်း,idx_new_health_133
ဆီးချို ရှိ ပြီး သွေး ထဲ မှာ ပိုတက်စီယမ် ဓါတ် များ နေ တဲ့ သူ သောက် လို့ ရ ပါ သလား,idx_new_health_134
ဒါ က လည်း နေ့ မ စေ့ လ မ စေ့ မွေး တာ သွေးတိုး တာ တွေ ဖြစ် တတ် ပါ တယ်,idx_new_health_135
နှလုံး မှာ မွေး ရ ပါ အပေါက် တစ် ပေါက် ပါ လို့ ပါ ဘယ်လို လုပ် ရ မ လဲ ဗျာ,idx_new_health_136
နှလုံး ရောဂါ သည် တွေ နှလုံး အား ကောင်း အောင် ဘာ စား ပေး ရ မ လည်း ဖြည့်စွက် အစာ,idx_new_health_137
နှလုံး ခုန် မြန် လာ ပြီး အသက်ရူ ကျပ် လာ ပါ တယ် လမ်းလျှောက် များ ရင် လဲ မော ပြီး နှလုံး အောင့် လာ ပါ တယ်,idx_new_health_138
နှလုံး နာ ရောဂါ ဖြစ် တော့ မယ် ဆိုတာ နှင့် ကြိုတင် သတိပေး တဲ့ ရောဂါ လက္ခဏာ တွေ အများကြီး ရှိ ပါ တယ်,idx_new_health_139
သွေးတိုး ရောဂါ နှလုံး ရောဂါ သွေးဆုံး ကိုင် ဝေဒနာ တို့ ကို သက်သာ စေ ကြောင်း လေ့လာ တွေ့ ရှိ ရ ပါ သည်,idx_new_health_140
အကို လည်း နှလုံး အထူးကု ပြန် ပြ ရ တယ် အဆုတ် ဓာတ်မှန် ရိုက် အီးစီဂျီ ဆွဲ မှ အဖြေ ထွက် တာ,idx_new_health_141
အချို ပါ တဲ့ အစား အစာ တွေ လျှော့ စား ပါ ဆီးချို ပုံမှန် တိုင်း ပါ ဖြစ် နိုင် ရင် ညစာ လျှော့ စား ပါ,idx_new_health_142
အုန်းရည် ဟာ ဆီးချို နဲ့ တည့် တယ် ဆို တိုင်း အမြဲ သောက် နေ ရ မှာ မ ဟုတ် ပါ ဘူး,idx_new_health_143
ကျောက်ဖရုံသီး ဟင်းချို နဲ့ မုန်လာဥ ပြုတ် က တော့ ဆီး သွား တယ် ဆီးချို က တော့ နားမလည် ဘူး တည့် ရင် စား ကြည့် ပါ,idx_new_health_144
ဆီးချို ဆေး သောက် တာ ဗိုက် ခဏ ခဏ ဆာ တယ် ဝိတ် ကျ တယ် ဘာ ကြောင့် ပါ လဲ သိ ချင် ပါ တယ်,idx_new_health_145
ဆီး အရမ်း သွား နေ ရင် သတိထား ဆီးချို အရမ်း တက် လို့ ဆီးချို အရမ်း တက် ရင် ညာဘက် လက်မောင်း ကိုက် မယ်,idx_new_health_146
ဆီးချို က တော့ သမားတော် နဲ့ ပြ တာ ပဲ သင့်တော် ပါ တယ် ဆေး ပြန် ညှိ ဖို့ လို နေ တာ ပါ,idx_new_health_147
ဘယ်ဘက် က နှလုံး ကို ဖိ အိပ် တော့ နှလုံး အားနည်း သူ တွေ ဆို အိပ် လို့ မ ရ ပါ ဘူး,idx_new_health_148
မိဘ က သွေးတိုး ရှိ လို့ တကယ့် ဆရာဝန် ကြီး တွေ နဲ့ ပြ တာ ဘာ မှ လုပ် လို့ မ ရ ဘူး တဲ့,idx_new_health_149
ရောဂါ အခံ ရှိ တဲ့ ဥပမာ သွေးကင်ဆာ ကျောက်ကပ် နှလုံး စ သ ဖြင့် အခံ ရှိ ရင် တော့ ဆိုးဝါး ပြင်းထန် နိုင် ပါ တယ်,idx_new_health_150
အိပ်ရေးပျက် မှာ စိုး လို ညဖက် ရေ မ သောက် တဲ့ အကျိုးဆက် ပါ လို့ နှလုံး ဆရာဝန် ကြီး တွေ ပြော ပါ တယ် နော်,idx_new_health_151
ဆီးချို ဘဲ ဖြစ်ဖြစ် သွေးချို ဘဲ ဖြစ်ဖြစ် ပျောက် အောင် ကုသ နိုင် တဲ့ ကုထုံး မ ရှိ သေး ပါ ဘူ,idx_new_health_152
ဆေးဖက် ဝင် သဘာဝ သစ်ဥ သစ်ဖု အသီးအရွက် များ နဲ့ ဖေါ်စပ် ထား တဲ့ ဆီးချို ဆေး ကို သောက် ကြည့် ပါ လို ချင် ရင် ဆက်သွယ် ပါ,idx_new_health_153
ထိန်း ထား တဲ့ သဘော ပေါ့ အစား အရမ်း ရှောင် ရ ပါ တယ် သွေးထိန်းဆေး နဲ့ ဆီးချို ဆေး နဲ့ အမြဲ သောက် ပေး ပါ,idx_new_health_154
ပုံ ထဲ က အချက် တွေ က ကာကွယ်ဆေး ထိုးထိုး မ ထိုးထိုး ဆီးချို သမား တွေ အမြဲ လုပ် နေ ရ မဲ့ ဟာ တွေ ပါ,idx_new_health_155
မဆင်မခြင် ပေါ့ပေါ့တန်တန် နေ ပါ က လေဖြတ် ရောဂါ နှလုံး ရောဂါ နှင့် ကျောက်ကပ် ရောဂါ တို့ ကို ပါ ဖြစ် စေ တတ် ပါ တယ်,idx_new_health_156
ဆင်ငိုမြက် ကို သုံး ခွက် တစ် ခွက် တင် ကြို သောက် တာ နှလုံး သွေးကြောကျဉ်း ပြီး မော မော နေ တာ အမှန် တကယ် သက်သာ ပါ တယ်,idx_new_health_157
တစ်ခါတစ်ရံ နှလုံး နာ ဝေဒနာ စ ဖြစ် နေ ပြီ ဖြစ် ပေမဲ့ ဒီ လက္ခဏာ တွေ မ ပေါ် တာ လဲ ရှိ တတ် ပါ တယ်,idx_new_health_158
တုပ်ကွေး ဖြစ် တဲ့ အခါ သက်သာ စေ တယ် သွေးတိုး ကျ စေ တယ် ပန်းနာ ရင်ကျပ် ကို သက်သာ စေ တယ် အရောင်ကျ စေ တယ်,idx_new_health_159
သွေးကြော ပြန် ဖွင့် နိုင် ဖို့ လို ပါ တယ် လူနာ က ဆီးချို သွေးချို သွေးတိုး မ ရှိ ရင် ပို အဆင်ပြေ ပါ တယ်,idx_new_health_160
သွေးတိုး သမား ကို ကူညီ ပါ ရ စေ ဗျာ ဩဇာညွန့် လေး ကို နှစ်သက် သလို စား ကြည့် ပါ လား သွေးတိုး အမြစ် ပြတ် ပါ တယ် နော်,idx_new_health_161
အခြား သစ်သီး များ ကို မိမိ ဆီးချို ထိန်း နိုင် ချိန် တွင် မိမိ လက်ဆန့် ရုံ ဆုပ်ထား နိုင် သော ပမာဏသာ စား ရ မယ် လို့,idx_new_health_162
အထိုင် များ ပြီး လေ့ကျင့်ခန်း မ လုပ် တာ က ဆီးချို ရောဂါ ကင်ဆာရောဂါ တွေ ဖြစ် စေ နိုင် ပါ တယ်,idx_new_health_163
အလည် သွား ရင်း က အပြန် ကျ တော့ မကွေး က မိတ်ဆွေ အချို့ ဆီးချို ရောဂါ ရှိ သူ တွေ အုန်းမှုတ်ခွက် နင်း ကြောင်း ပြောပြ ပါ တယ်,idx_new_health_164
အသဲ ကင်ဆာ ဖြစ် လို့ ဆီးချို လုံး ပျောက် သွား တယ် ဆီးချို အကြောင်း ရေး ထား တဲ့ ပိုစ့် တွေ ရှာ ဖတ် စေ ချင် ပါ တယ်,idx_new_health_165
နှလုံး သွေးကြော ကျယ် နေ တယ် တစ်ခါတစ်လေ အသက်ရူ တစ် မျိုး တွေ့ တယ် ကာကွယ်ဆေး ထိုး လို့ ရ ပါ လား ဖြေ ပေး ပါ အုံး,idx_new_health_166
မိသားစု ထဲ မှာ ဆီးချို ရောဂါ ခံစား နေ ရ သူ တစ် ယောက် ရှိ နေ လို့ ပူပင် သော က ဖြစ် နေ ပြီ လား,idx_new_health_167
ချောင်းဆိုး တာ က နှလုံး ကို ညှစ် ပေး ပြီး သွေးလည်ပတ်မှု ကို ဆက် ထိန်း ပေး ရုံ သာမက နှလုံးခုန် နှုန်း ပြန် မှန် အောင် လုပ် ပေး ပါ တယ်,idx_new_health_168
ငါ့ တုန်း က လည်း အဲ့လို အောင့် လို့ နှလုံး ကို ပြ တာ ဘောတက် လိမ်းဆေး ပေး လိုက် တာ ပျောက် သွား တယ် လူး ကြည့် ပေါ့,idx_new_health_169
ဆီးချို ကို ပျောက် စေ တဲ့ အစားအသောက် မ ရှိ တာ ကြောင့် အစားအစာ တစ် မျိုး ကို အလွန်အကျွံ မှီဝဲ တာ မျိုး ရှောင် သင့် ပါ တယ်,idx_new_health_170
ည ဆို သေး ခဏ တိုင်း ပေါက် တယ် ပေါက် ပြီး တိုင်း ရေ ငတ် တယ် မနက် ကြ အား ကုန် ပြီး လူ က ပျော့ နုန်း နေ ရက် ဆီးချို စတာ ဘဲ,idx_new_health_171
ဘာ ကိုလက်စရော များများ အောက် ပါ အိမ် တွင်း နည်းလမ်း များ နဲ့ ကိုလက်စရော လျော့ ချ ပြီး နှလုံး ရောဂါ ကို ကာကွယ် လို့ ရ ပါ တယ်,idx_new_health_172
အိမ် က တစ် ယောက် လဲ အဲ့လို ဖြစ် လို့ အဆုတ် ဓါတ်မှန် ရိုက် ပြီး ဆေးခန်း ပြ တာ အဆုတ် ယောင် နေ လို့ နှလုံး ယောင် တာ လို့ ပြော တယ်,idx_new_health_173
ကလေး က ကား စီး ရင် မူး တာ နှလုံး မ ကောင်း လို့ လား ဆရာ နှလုံး စစ်ကြည့် ဖို့ လို လား ပျောက် ကော ပျောက် ပါ မလား ဆရာ,idx_new_health_174
ဆင်ငိုမြက် လို့ ခေါ် တဲ့ ဒီ အပင် လေး ကို နှလုံး သွေးကြောကျဉ်း သူ တွေ အတွက် လည်း ပစ္စည်း ငါး ပါး ကို ပြုတ်သောက် ရ ပါ တယ်,idx_new_health_175
ဆီးချို သမား တွေ က ဘာ စား လို့ ရ လဲ ရှင့် အဖွား က သွား ပါ ကိုက် နေ တော့ စား ရ တာ အဆင်မပြေ ဖြစ် နေ လို့ ပါ,idx_new_health_176
အမ က လက်ရှိ နှလုံး သွေးကြောကျဉ်း လို့ ဆေးကုနေ ရ သူ ပါ အမ ဖြစ် တာ တော့ ဘယ်ဘက် ရင်ဘတ် အောင့် ပြီး အသက်ရှူ မဝ ဖြစ် တာ ပါ,idx_new_health_177
ခါးနာ မယ် မိန်းမ ဆို ရင် မိန်းမ ကိုယ် ယား မယ် ယောကျာ်း ဆို ရင် ကပယ်အိတ် တင်း ပြီး နှလုံး ကြီး မယ် ဝမ်းချုပ် မ ခံ နဲ့ ရေပုံ မှန် သောက် ပေး,idx_new_health_178
သွေးဖိအား များ တယ် ဆို တာ နှလုံး သွေးကြော နဲ့ ပတ်သက် လို့ ပြဿနာ ရှိ နေ တာ ဖြစ် ပြီး သွေးတိုး ရောဂါ ဖြစ် လာ ရင် သွေးလွှတ်ကြော တွေ ကျဉ်းမြောင်း လာ ပါ တယ်,idx_new_health_179
ဆီးချို နေ တက် နေ တဲ အချိန် မှာ ထိုး လို ရ လား ဆရာ,idx_new_health_180
ကလေး ကိုဗစ် ကာကွယ်ဆေး တွေ က စိတ်ချ ရ ပါ့ မလား,idx_new_health_2
ကလေး ကိုဗစ် ကာကွယ်ဆေး တွေ ကို စ ပြီး ထိုး လို့ ရ နေ ပြီ လား,idx_new_health_3
ကလေး တွေ ကို ကိုဗစ် ကာကွယ်ဆေး ထိုး ပေး သင့် လား,idx_new_health_5
ကလေး အများစု မှာ တော့ ကိုဗစ် က မ ပြင်းထန် ပါ ဘူး,idx_new_health_6
ကာကွယ်ဆေး က တော့ ကိုဗစ် ကို ခုခံ ဖို့ ကိုယ်ခံအား ကို သေချာ ပေါက် ထွက် စေ မယ့် အရာပါ,idx_new_health_7
ကိုဗစ် က ဆံပင်ကျွတ် စေ တာ လား,idx_new_health_10
ကိုဗစ် က တော့ ကိုရိုနာ ဗိုင်းရပ်စ် ကြောင့် ဖြစ် ရ တာ ပါ,idx_new_health_11
ကိုဗစ် က တော့ ပို ပြင်းထန် တယ် လို့ ပြော လို့ ရ ပါ တယ်,idx_new_health_12
ကိုဗစ် က နာလန် ထ ပြီး ရုတ်တရက် သေဆုံး ရ တဲ့ အကြောင်းရင်း က ဘာ လဲ,idx_new_health_15
ကိုဗစ် က နေ ပြန်လည် ကျန်းမာ လာ ချိန် ဒါ လေး တွေ ဂရုစိုက် ပါ,idx_new_health_19
ကိုဗစ် က နေ ပြန်လည် ကျန်းမာ လာ တဲ့ အခါ ကိုယ်ခံအား ပြည့်ဝ လာ စေ ဖို့ ဘာလုပ် ရ မ လဲ,idx_new_health_21
ကိုဗစ် က နေ မ လွတ် မြောက် နိုင် တော့ ဘူး လား,idx_new_health_25
ကိုဗစ် က ပြန်လည် ကျန်းမာ လာ သူ တွေ အတွက်  လေ့ကျင့်ခန်း များ တွေ က ဘာ လဲ,idx_new_health_30
ကိုဗစ် က ဖြစ် ပြီး သား လူ ရော ထပ် ဖြစ် တတ် ပါ သလား ရှင်,idx_new_health_31
ကိုဗစ် က ဘာ လို့ အသေအပျောက် တွေ များ လာ တာ လဲ,idx_new_health_33
ကိုဗစ် က ရာသီ ကို ထိမ် စေ နိုင် သလား,idx_new_health_34
ကိုဗစ် က လည်း မော ပါ တယ် စဉ်းစား ကြည့် ပါ,idx_new_health_36
ကိုဗစ် က လေ ထဲ က နေ ကူး တယ် ဆိုတာ ဘယ်လို မျိုး လဲ,idx_new_health_39
ကိုဗစ် က ဝမ်းပျက် တတ် ပါ တယ် အားနည်း ရင် ပြန် ဖျား တတ် ပါ တယ်,idx_new_health_40
ကိုဗစ် က အဖျား ပျောက် လည်း နလန်ထ အရေးကြီး ပါ တယ်,idx_new_health_42
ကိုဗစ် က အသက်ရှူ လမ်းကြောင်း ကို ထိခိုက် စေ တဲ့ ဗိုင်းရပ်စ် တစ် မျိုး ပါ,idx_new_health_43
ကိုဗစ် က အသေအပျောက် ရှိ ပေမယ့် အချို့ တွေ မှာ ပြန် ကောင်း လာ တတ် ပါ တယ်,idx_new_health_44
ကိုဗစ် က အေး ရင် ပို ဆိုး လာ သလား,idx_new_health_45
ကိုဗစ် ကာကွယ် ဖို့ ဗီတာမင် စီ သောက် ရင် ရ ပြီ လား,idx_new_health_46
ကိုဗစ် ကာကွယ် ဖို့ ရာ ဗီတာမင် ဒီ ကို မဖြစ် မနေ သောက် သင့်လား,idx_new_health_47
ကိုဗစ် ကာကွယ်ဆေး က တုပ်ကွေး ကာကွယ်ဆေး တွေ ထက် ပို ထိရောက် ပါ တယ်,idx_new_health_49
ကိုဗစ် ကာကွယ်ဆေး က ပေး တဲ့ ခုခံ အား က များ လား ,idx_new_health_50
ကိုဗစ် ကာကွယ်ဆေး ကို ဘယ်သူ တွေ ထိုး နှံ လို့ ရ လဲ ဘယ်သူ တွေ သတိထား ရ မလဲ,idx_new_health_51
ကိုဗစ် ကာကွယ်ဆေး ကို ဘယ်သူ တွေ ထိုး လို့ ဘယ်သူ တွေ မ ထိုး သင့်ဘူး လဲ,idx_new_health_52
ကိုဗစ် ကာကွယ်ဆေး ကြောင့် ဘယ်လို ဘေးထွက် ဆိုးကျိုး တွေ ခံစား နိုင် သ လဲ,idx_new_health_54
ကိုဗစ် ကာကွယ်ဆေး တွေ ကို ရော ထိုး ရင် ဘာ ကောင်းကျိုး တွေ ရ မှာ လဲ,idx_new_health_60
ကိုဗစ် ကာကွယ်ဆေး တွေ ကို ရော ထိုး ရင် သတိထား ရ မယ့် အချက် တွေ က ဘာ လဲ,idx_new_health_61
ကိုဗစ် ကာကွယ်ဆေး တွေ ကို ရော ထိုး လို့ ရ မ ရ သိ ချင် ပါ တယ်,idx_new_health_62
ကိုဗစ် ကာကွယ်ဆေး တွေ ကို ရော ထိုး လို့ ရ သလား,idx_new_health_64
ကိုဗစ် ကာကွယ်ဆေး တွေ ကြား က ကွာခြားချက် တွေ က ဘာ လဲ,idx_new_health_65
ကိုဗစ် ကာကွယ်ဆေး ထိုး တော့ မယ် ဆို ရင် ဘာ လုပ် ရ မ လဲ,idx_new_health_67
ကိုဗစ် ကာကွယ်ဆေး ထိုး ပြီး ကိုဗစ် ဖြစ် ကြ တာ ဘာ ကြောင့် လဲ,idx_new_health_69
ကိုဗစ် ကာကွယ်ဆေး ထိုး ပြီး တဲ့ အခါ ကိုဗစ် မ ဖြစ် ပါ ဘူး,idx_new_health_72
ကိုဗစ် ကာကွယ်ဆေး ထိုး ပြီး တဲ့ အခါ ဘာ တွေ ခံစား ရ နိုင် လဲ,idx_new_health_73
ကိုဗစ် ကာကွယ်ဆေး ထိုး ပြီး ရင် ရော ဘာ တွေ ဂရုစိုက် ဖို့ လို ဦး မလဲ,idx_new_health_74
ကိုဗစ် ကာကွယ်ဆေး ထိုး လို့ ရ ပါ သလား ရှင့်,idx_new_health_75
ကိုဗစ် ကာကွယ်ဆေး ထိုး လို့ ရ လား ရှင့်,idx_new_health_76
ကိုဗစ် ကာကွယ်ဆေး နဲ့ ဓာတ်မတည့် ဘူး ဆိုတာ က ရော,idx_new_health_79
ကိုဗစ် ကာကွယ်ဆေး ဘယ် တော့ လောက် ရ နိုင် မလဲ,idx_new_health_82
ကိုဗစ် ကာကွယ်ဆေး မ ထိုး ခင် ဘာ တွေ စား သွား မလဲ,idx_new_health_84
ကိုဗစ် ကာကွယ်ဆေး မ ထိုး ခင် မှာ ဘာ တွေ ပြင်ဆင် ထား ရ မလဲ,idx_new_health_85
ကိုဗစ် ကာကွယ်ဆေး မ ထိုး ရ သေး တဲ့ သူ တွေ ကိုဗစ် ဖြစ် ပြီး အချိန် ဘယ်လောက် ကြာ မှ ထိုး ရ မှာ လဲ,idx_new_health_86
ကိုဗစ် ကာကွယ်ဆေး ဟာ နို့ထွက် နှုန်း ပေါ် သက်ရောက်မှု မရှိ ပါ ဘူး,idx_new_health_88
ကိုဗစ် ကာလ စိတ် ကျန်းမာရေး အတွက် ဆိုရှယ် မီဒီယာ ကို လျှော့ သုံး ကြ မယ်,idx_new_health_92
ကိုဗစ် ကာလ မ ဖြစ် မ နေ မှီဝဲ ပေး သင့် တဲ့ အာဟာရ တွေ က ဘာ လဲ,idx_new_health_93
ကိုဗစ် ကာလ မှာ စည်သွပ်ဘူး ပိတ် အစားအစာ တွေ ကို ပြန် စား နေ မိ ပြီ လား,idx_new_health_98
ကိုဗစ် ကာလ မှာ ဘာ ကြောင့် အိပ်မပျော် ရ တာ လဲ,idx_new_health_100
ကိုဗစ် ကာလ မှာ လူ တိုင်း သိ ချင် နေ မယ့် ပုံမှန် အောက်ဆီဂျင် ပမာဏ ဆိုတာ ဘာ လဲ,idx_new_health_103
ကိုဗစ် ကာလ မှာ ဝိတ်ချ သင့် သလား,idx_new_health_105
ကိုဗစ် ကာလ မှာ သားဆက်ခြား ပြဿနာ တွေ ကို ဘယ်လို ဖြေရှင်း ကြ မလဲ,idx_new_health_106
ကိုဗစ် ကာလ မှာ သွေးတွင်း အောက်ဆီဂျင် ကို အခု လို မြှင့်တင် ပါ,idx_new_health_107
ကိုဗစ် ကာလ မှာ အန္တရာယ် ကင်းကင်း လမ်းလျှောက် ထွက် ရအောင်,idx_new_health_108
ကိုဗစ် ကာလ မှာ အသက်ရှူ လမ်းကြောင်း ကို ကာကွယ် ဖို့ သတိရ ပါ,idx_new_health_110
ကိုဗစ် ကာလ မှာ အိမ် မှာ နေ ရင်း ဇက်ကြော တက် တာ ကို ဘယ်လို ကာကွယ် မလဲ,idx_new_health_112
ကိုဗစ် ကာလ အတွင်း မှာ တကယ် ပဲ ဝ လာ ကြ သလား,idx_new_health_113
ကိုဗစ် ကို ဘယ်လို ရင်ဆိုင် မလဲ,idx_new_health_119
ကိုဗစ် ကို မ ပေါ့ ပါ နဲ့ ရှင့် ကြောက် လဲ မ ကြောက် ပါ နဲ့ ရှင့်,idx_new_health_120
ကိုဗစ် ကို မ မေ့ ပါ နဲ့,idx_new_health_121
ကိုဗစ် ကို ရင်ဆိုင် နိုင် မဲ့ အကောင်းဆုံး သော နည်းလမ်း က ကိုယ်ခံအား ကောင်း ဖို့ ပါ,idx_new_health_122
ကိုဗစ် ကို သေချာ ကာကွယ် ပါ,idx_new_health_123
ကိုဗစ် ကုသ ရေး အတွက် အရေးပါ လာ နိုင် တဲ့ သွေးရည်ကြည် ကုထုံး ကို ရှင်း ပြ ပေး ပါ,idx_new_health_125
ကိုဗစ် ကြောင့် အနံ့ ပျောက် တာ လား တခြား အကြောင်းရင်း ကြောင့် လား,idx_new_health_131
ကိုဗစ် စ တဲ့ ရောဂါ တွေ ကြောင့် လည်း အဆုတ် ထိခိုက် နိုင် ပါ တယ်,idx_new_health_133
ကိုဗစ် ဆေး ထိုး ပြီး အရက် ဆေးလိပ် သောက် မိ ရင် ဘာ ဖြစ် တတ် လဲ ဟင်,idx_new_health_137
ကိုဗစ် နောက်ဆက်တွဲ မျက်စိမှုန် နေ တတ် သလား,idx_new_health_148
ကိုဗစ် နဲ့ မျိုးရိုး ဗီဇ ပြောင်းလဲမှု,idx_new_health_154
ကိုဗစ် နဲ့ ဝှေးစေ့ အောင့် ခြင်း ဖြစ်စဉ်,idx_new_health_155
ကိုဗစ် ပျောက် သွား တောင် နေ လို့ မ ကောင်း သေး တာ ဘာ ကြောင့်လဲ,idx_new_health_159
ကိုဗစ် ပြီး ရင် ဘာ တွေ ဆက် ခံ စား ရ ဦး မှာ လဲ,idx_new_health_160
ကိုဗစ် ဖြစ် ချောင်းဆိုး နေ တဲ့ သူ ရော နာနတ်သီး နဲ့ တည့် လား ရှင့်,idx_new_health_161
ကိုဗစ် ဖြစ် တုန်း က အနံ့ အရသာ ပျောက် တာ က အစား စား ဝင် ခဲ့ သေး တယ်,idx_new_health_162
ကိုဗစ် ဖြစ် တဲ့ သူ တိုင်း က တော့ ပြင်းထန် ကြ တာ မ ဟုတ် ပါ ဘူး,idx_new_health_163
ကိုဗစ် ဖြစ် နေ့စဉ် အရည် ဓာတ် အတွက် အုန်းစိမ်းရည် သောက် ရင် တည့် ပါ သလား,idx_new_health_166
ကိုဗစ် ဖြစ် ပြီး ထပ် ဖြစ် နိုင် သေး သလား,idx_new_health_168
ကိုဗစ် ဖြစ် ပြီး နှစ် ပတ် တွင်း ဆေး ထိုး လို့ ရ နိုင် ပါ လား ဗျ,idx_new_health_171
ကိုဗစ် ဖြစ် ပြီး ဘယ်လောက် ကြာ ရင် လိင် ဆက်ဆံ လို့ ရ ပြီ လဲ,idx_new_health_172
ကိုဗစ် ဖြစ် ပြီး ရင် ရာသီ ထိမ် သွား တတ် သလား,idx_new_health_175
ကိုဗစ် ဖြစ် ပြီး ရင် ရော ဘယ်လောက် အကြာ မှ ထိုး ရ လဲ ဗျ,idx_new_health_176
ကိုဗစ် ဖြစ် ပြီး ရင် သင် အကောင်း တိုင်း ကျန် ပါ ဦး မလား,idx_new_health_177
ကိုဗစ် ဖြစ် ပြီး လူ ဘယ်လောက် ကြာ လျှင် ထိုး လို့ ရ ပါ လဲ ရှင်,idx_new_health_178
ကိုဗစ် ဖြစ် ပြီး သူများ ဘယ် အချိန် မှာ ထိုး လို့ ရ ပါ သလဲ,idx_new_health_179
ကိုဗစ် ဖြစ် ရင် ဘာ ဆေး တွေ သောက် လို့ ရ လဲ ရှင့်,idx_new_health_182
ကိုဗစ် ဖြစ် လို့ ပျောက် ပြီး ဘယ်လောက် နေ ရင် ကာကွယ်ဆေး ထိုး လို့ ရ လဲ ဆရာ ရှင့်,idx_new_health_183
ကိုဗစ် ဗိုင်းရပ်စ် က ကူးစက်မှု့ မြန်လာ တယ်,idx_new_health_187
ကိုဗစ် ဗိုင်းရပ်စ် က အဆုတ် ကို အဓိက တိုက်ခိုက် တာ ပါ,idx_new_health_189
ကိုဗစ် မ ဟုတ် ပါ ဘူး ရိုးရိုး ဖျား တာ ပါ,idx_new_health_192
ကိုဗစ် မှာ ဘာ ကြောင့် အနံ့ ပျောက် တာ လဲ,idx_new_health_195
ကိုဗစ် ရှိ နေ တာ မ သိ ဘဲ ကာကွယ်ဆေး ထိုး လိုက် မိ ပြီ လား,idx_new_health_211
ကိုဗစ် ရှိ နေ တာ မ သိ ဘဲ ကာကွယ်ဆေး ထိုး လိုက် မိ ရင် ဘာ ဖြစ် မလဲ,idx_new_health_212
ကိုဗစ် ရှိ သေး သည် မ ဟုတ် လား,idx_new_health_216
ကိုဗစ် လား တုပ်ကွေး လား ဆိုတာ ကို လက္ခဏာ နဲ့ ခွဲ လို့ ရ နိုင် လား,idx_new_health_221
ကိုဗစ် လား တုပ်ကွေး လား မ သေချာ ရင် ဘယ်လို လုပ် မလဲ,idx_new_health_222
ကိုဗစ် လူနာ ကို အောက်ဆီဂျင် ဘယ်လောက် ပေး ကြ မလဲ,idx_new_health_225
ကိုဗစ် လူနာ တွေ ကို ဘာ ကြောင့် ဗီတာမင် စီ တိုက် တာ လဲ,idx_new_health_228
ကိုဗစ် လူနာ တွေ မှာ အောက်ဆီဂျင် ကို ဘယ်လို ပေး ကြ မလဲ,idx_new_health_230
ကိုဗစ် လူနာ နဲ့ နဂါးမောက်သီး နဲ့ တည့် လား ဗျ,idx_new_health_232
ကိုဗစ် လူနာ မှာ အောက်စီဂျင် ဖြတ် ရ ခက် ရင် ဘယ်လို လုပ် မလဲ,idx_new_health_233
ကိုဗစ် လူနာ အတွက် သူနာပြု ရှာ နေ တာ လား,idx_new_health_235
ကိုဗစ် အပြီး မှာ ဆံပင် တွေ ပို ကျွတ် လာ သလား,idx_new_health_240
ကိုဗစ် အပြီး မှာ ပတ်ဝန်းကျင် ညစ်ညမ်းမှု ဒဏ် တွေ ကို ဆက် ပြီး ခံစား ရ မှာ လား,idx_new_health_241
ကိုဗစ်ဆေး ထိုး ပြီး ခေါင်းမူး နေ တာ ခေါင်းမူး ပျောက် ဆေး သောက် လို့ ရ လား,idx_new_health_246
ကိုဗစ်ရှီး က ကော ဘယ်လောက် ခံ မလဲ,idx_new_health_248
ကျောက်ကပ် ရောဂါ သမား က ကိုဗစ် ကာကွယ်ဆေး ထိုး လို့ ရ လား ဗျ,idx_new_health_251
ငရုတ်သီး က ကိုဗစ် ကာကွယ် သ တဲ့ လား,idx_new_health_258
ဆီးချို ရှိ တာ နဲ့ ကိုဗစ် ကူး ရော လား,idx_new_health_260
ဆေးလိပ် ငွေ့ တွေ က ကိုဗစ် ကူး နိုင် သလား,idx_new_health_264
ဆေးလိပ် ငွေ့ တွေ က နေ ကိုဗစ် ကူး နိုင် သလား,idx_new_health_265
တုပ်ကွေး နဲ့ ကိုဗစ် ဘယ် ဟာ က ပို ပြင်းထန် သလဲ,idx_new_health_269
တုပ်ကွေး နဲ့ ကိုဗစ် ဘာ တွေ တူ လို့ ဘာ တွေ ကွဲ,idx_new_health_270
တုပ်ကွေး လား ကိုဗစ် လား ဆိုတာ ကို ဘယ်လို ခွဲခြား လို့ ရ နိုင် မလဲ,idx_new_health_274
တုပ်ကွေး လား ကိုဗစ် လား မ သေချာ ရင် ဘာ လုပ် ကြ မလဲ,idx_new_health_275
ဒါ က တော့ ကိုဗစ် ဗိုင်းရပ်စ် အဓိက ဝင်ရောက် ဖျက်ဆီး ပစ် နိုင် တဲ့ အဆုတ် ပါ,idx_new_health_278
ဒါဆို ရာသီ တုပ်ကွေး ကာကွယ်ဆေး ကို ကိုဗစ် ကာကွယ်ဆေး အစားထိုး လို့ ရ မလား,idx_new_health_283
ဒါပေမယ့် ကိုဗစ် က တော့ တုပ်ကွေး ထက် ပို ကူး ပါ တယ်,idx_new_health_286
ဒါပေမယ့် ကိုဗစ် ဖြစ် ပြီး သွား တဲ့ လူနာ တွေ ဆံပင်ကျွတ် တာ က အမှန် ပါ,idx_new_health_288
ဒါပေမယ့် စောစော သိ စောစော ကု သ ရင် တော့ ကိုဗစ် က ပျောက်ကင်း နိုင်ခြေ များ ပါ တယ်,idx_new_health_290
ဒါပေမယ့် မာယာ များ တဲ့ ကိုဗစ် က အမြဲတမ်း လက္ခဏာ ပြ တာ မ ဟုတ် ဘူး လေ,idx_new_health_291
ဒါ့ ပြင် တုပ်ကွေး ထက် စာ ရင် ကိုဗစ် က ပို ပြီး တော့ လည်း ပြင်းထန် ပါ တယ်,idx_new_health_292
ဒီ ထဲ မှာ မှ အဖြစ် အများဆုံး ကိုဗစ် နောက်ဆက်တွဲ ကျန်းမာရေး ပြဿနာ က ချောင်းခြောက် ဆိုး တာ ပါ,idx_new_health_295
ဓါတ်မှန် ရိုက် ကြည့် ပါ နော် ကိုဗစ် က အဆုတ် ထိ တတ် ပါ တယ်,idx_new_health_296
နို့တိုက် မိခင် ကိုဗစ် ကာကွယ်ဆေး ထိုး လို့ ရ လား,idx_new_health_298
နှစ် ကြိမ် ထိုး ပြီး ကိုဗစ် ဖြစ် တယ် ထပ် ပြီး ထိုး ဖို့ လို လား,idx_new_health_299
နှလုံးခုန်နှုန်း မြန် နေ ရင် ကော ကိုဗစ် ဖြစ် နိုင် ပါ သလား,idx_new_health_300
ပါရာစီတမော နဲ့ မ တည့် လို့ ကိုဗစ် ကာကွယ်ဆေး ထိုး လို့ ရ လား ရှင့်,idx_new_health_302
ဗီတာမင် စီ က ကိုဗစ် ကာကွယ်ဆေး မ ဟုတ် ပါ ဘူး,idx_new_health_303
ဗီတာမင် စီ သောက် ရုံ နဲ့ ကိုဗစ် မကူး တာ မ ဟုတ် ပါ ဘူး,idx_new_health_304
ဘာ လို့ ကိုဗစ် ဖြစ် ပြီး မှ ပို စား လာ ရ တာ လဲ,idx_new_health_305
ဘေဘီ လေး က ဖျား နေ တာ အအေးမိ တာ လား တုပ်ကွေး လား ကိုဗစ် လား,idx_new_health_307
မ သိ တာ လေ မေး ချင် လို့ ကိုယ်ဝန်ဆောင် သည် ကိုဗစ်ဆေး ထိုး လို့ ရ လား,idx_new_health_310
မကြာခဏ လက်ဆေး မယ်,idx_new_health_312
မူလ ကို ဗစ် ဗိုင်းရပ်စ် ကို ရှစ်ဆယ် ရာခိုင်နှုန်း အထိ ကာကွယ် ပေး နိုင် ပါ တယ်,idx_new_health_314
မေမေ က ကိုဗစ် ဖြစ် နေ ရင် ဘေဘီ လေး ကို နို့ဆက်တိုက် လို့ ဖြစ် ပါ့ မလား,idx_new_health_315
မျက်စိ နာ တာ ကိုဗစ် လား,idx_new_health_316
မျက်စိ နာ ပြီ ဆိုတာ နဲ့ ကိုဗစ် ဖြစ် နေ ပြီ လို့ တော့ မ ဆိုသာ ပါ ဘူး,idx_new_health_317
မြန်မာ နိုင်ငံ မှာ ကိုဗစ် စတုတ္ထ လှိုင်း များ ထပ် လာ နိုင် သလား,idx_new_health_318
မြန်မာ နိုင်ငံ မှာ ကိုဗစ် စတုတ္ထ လှိုင်းထပ် လာ နိုင် သလား,idx_new_health_319
ရင်သား ကင်ဆာ ဆေး သောက် တဲ့ သူ ကိုဗစ် ကာကွယ်ဆေး ထိုး လို့ ရ ပါ လား ရှင့်,idx_new_health_324
ရိုးရိုး တုပ်ကွေး နဲ့ ကိုဗစ် ဘယ်လို ခွဲ မလဲ,idx_new_health_325
လက်ဆေး တာ က ကိုဗစ် ကို ကာကွယ် နိုင် တဲ့ အလွယ်ကူဆုံး နည်းလမ်း ပါ,idx_new_health_326
လူ တော်တော် များများ က ကိုဗစ် ဆို ရင် ဖျား မယ်,idx_new_health_328
လူစုလူဝေး ကို ဘယ် အခြေအနေ မှာ မ ဆို ရှောင် မယ်,idx_new_health_329
လောက် သေရွက် က ကိုဗစ် ကို မ နိုင် ပါ ဘူး,idx_new_health_331
သင် ကိုယ်တိုင် က ကိုဗစ် ဖြန့်ချိ သူ တစ် ဦး ဖြစ် နေ ပြီ လား,idx_new_health_332
သွေးတိုး သမား တွေ ကိုဗစ် ကို ဘယ်လို ရင်ဆိုင် ကာကွယ် မလဲ,idx_new_health_333
အခု လို ကိုဗစ်ကာလ မှာ အဆုတ် ကျန်းမာ ဖို့ အရေးကြီး ပါ တယ်,idx_new_health_336
အနံ ပျောက် ရင် ကိုဗစ် စစ် ကြည့် သင့် ပါ တယ် ခင်ဗျ,idx_new_health_338
အနံ့ ပျောက် တာ က ကိုဗစ် ရဲ့ လက္ခဏာ တစ်ခု ဖြစ် နေ လို့ ပါ,idx_new_health_339
အနံ့ ပျောက် တာ က ကိုဗစ် ရဲ့ သိသာ တဲ့ လက္ခဏာ တစ်ခု ဖြစ် လာ ပါ ပြီ,idx_new_health_340
အနံ့ ပျောက် တာ တစ် ခု ထဲ နဲ့ ကိုဗစ် ဖြစ် နိုင် လား ဗျ,idx_new_health_341
အပြင် သွား တိုင်း မက်စ် တပ် မယ်,idx_new_health_343
အရက် သောက် သုံး တာ က ကိုဗစ် ဗိုင်းရပ်စ် ကို မ သေ စေ နိုင် ပါ ဘူး,idx_new_health_344
အရက်ပြန် အနံ့ ရှု ကြည့် တစ်နေကုန် အနံ့ လုံးလုံး မ ရ ရင် ကိုဗစ် ဖြစ် ဖို့ များ တယ်,idx_new_health_345
အိပ်အိုင်ဗီ ပိုး ရှိ သူ တွေ ကိုဗစ် ကာကွယ်ဆေး ထိုး လို့ ရ လား,idx_new_health_346
အူ အတက် ခွဲ ထား ရင် ကော ကိုဗစ် ကာကွယ်ဆေး ထိုး လို့ ရ လား ရှင့်,idx_new_health_347
သွား ပျက်စီး ခြင်း အသက်ရှူ ခက်ခဲ ခြင်း နှလုံး ပျက်စီး ခြင်း အစ ရှိ တဲ့ ထုံဆေး မေ့ဆေး ရဲ့ ဆိုးကျိုး များ,idx_new_health_2207
ဥပမာ သွေးချို ဆီးချို ရောဂါ အမျိုးသမီး များ တွင် သွေး ဆုံး ကိုင် ခြင်း အမျိုးသား များ တွင် ဆီးကျိတ် ကြီး ခြင်း,idx_new_health_2252
စွဲသောက် နေ တဲ့ ဆေးဝါး တွေ ဥပမာ စိတ်ကျ ရောဂါ ကုဆေး တွေ အတက်ကျ ဆေး တွေ ဆီးဆေး တွေ သွေးတိုးကျ ဆေး တွေ,idx_new_health_2272
ဒဏ်ရာ သည် ခြေ လက် ပေါ် တွင် ရှိ ပါ က သွေးထွက်မှု နည်း အောင် နှလုံး ပြင်ညီ ထက် မြင့်အောင် ထား ပါ,idx_new_health_2290
ဒါပေမယ့် ပုံမှန် အချိန် တောင် သူ များ ထက် အစားအသောက် အနေအထိုင် ပို ပြီး ဂရုစိုက် ရ တဲ့ ဆီးချိုသမား များ အတွက် ရော,idx_new_health_2300
နှလုံး ရောဂါ ခံစား ရ နိုင်ခြေ အပေါ် မှာ သက်ရောက်မှု ရှိ နေ တဲ့ အရာ တစ် ခု သို့ မဟုတ် သွေး အမျိုးအစား,idx_new_health_2332
လက်ချောင်းထိပ် လေး ကို စမ်းသပ်ရုံ နဲ့ နှလုံး ရောဂါ ဖြစ်နိုင်ချေ ရှိ လား ဆိုတာ ကို ခန့်မှန်း နိုင် မယ့် နည်းလမ်း သစ်,idx_new_health_2372
ဟော်မုန်း ဆေး တွေ သုံး ခဲ့ ရ တဲ့ လိင် ပြောင်းလဲ သူ တွေ နှလုံး ရောဂါ နဲ့ လေဖြတ် အန္တရာယ် ပို များ,idx_new_health_2402
ကယ်လိုရီ ပမာဏ လျှော့စား တာ က ဆီးချို ဝေဒနာရှင် တွေ ကို ကိုယ် အလေးချိန် ကျအောင် အထောက်အကူ ပေး နိုင် မှာ ဖြစ် ပါ တယ်,idx_new_health_2432
ကောင်းကောင်း အိပ်စက် အနားယူ ခြင်း ကျန်းမာရေး ကိုယ် အလေးချိန် အိပ်စက် ခြင်း ကယ်လိုရီ အိပ်ရေးပျက် ခြင်း ရောင်ရမ်းမှု သွေးတွင်း သကြား ဓာတ်ကိုယ်ခံ အား နှလုံး ရောဂါ,idx_new_health_2441
ဆီးချို အနာ များ ဖြစ် လာ ရင် သား များ ဟာ ပုပ် ဆွေးလာ ပြီး ဘက်တီးရီးယား များ ဝင်ရောက် ပေါက်ပွား နိုင် ပါ တယ်,idx_new_health_2463
နှလုံး သွေးကြော နဲ့ ပတ်သက် တဲ့ ရောဂါ အခြေအနေ ပို ဆိုး လာ ခြင်း နှလုံး ရုတ်တရက် ဖောက် တာ နှလုံး သွေးကြောကျဉ်း တာ,idx_new_health_2522
မုရိုး ပင် မှာ ပါ တဲ့ ဓာတု ပစ္စည်း တွေ က နှလုံး ရဲ့ လုပ်ဆောင်မှု ကို ထိခိုက် စေ နိုင် သလို အော့အန်တာ ဝမ်းလျှော,idx_new_health_2528
သွေးတိုး တယ် လို့ ဆို လိုက် ရင် လူ အများစု က သေ နိုင် လောက် တဲ့ ကျန်းမာရေး ပြဿနာ မ ဟုတ် ပါ ဘူး,idx_new_health_2553
ဆီးချို ရှိ သူ အတွက် ပြုစု စောင့်ရှောက် ရသူ တစ် ယောက် ရဲ့ စိတ် သော က ကို လျှော့ချ ပေး နိုင် မယ့် ခုနှစ် ချက်,idx_new_health_2623
တကယ် က တော့ အထိုင် များ တာ က နှလုံး ရောဂါ ဖြစ်နိုင်ချေ ကို တင် များ စေ နိုင် တာ မ ဟုတ် ဘဲ,idx_new_health_2627
ထို နှလုံး သွေးကြော ခြင်း အပြင် အခြား နှလုံး သွေးကြော ကို ပိတ်စေ ပျက်ဆီး စေ သော ရှားပါးသည့် အကြောင်းအရာ များ လည်း ရှိ သေး သည်,idx_new_health_2636
ဒါ က လွဲ ပြီး ကျန် တဲ့ သမား ကိုင်ဆေး တွေ ဆီးချိုဆေး သွေးတိုးကျ ဆေး ကို မျှဝေ တာ မျိုး မ လုပ် ပါ နဲ့,idx_new_health_2638
နှလုံး ခုန်မြန် အောင် တစ်ခုခု လုပ် ခိုင်း ပြီး အပြေး စက် ပေါ် တက်ပြေး ခိုင်း ပြီး နှလုံး စွမ်းဆောင်ရည် ကို စစ် တာ,idx_new_health_2673
နှလုံး ရောဂါ အမျိုးမျိုး နှလုံး ကောင်း စွာ အလုပ် မ လုပ် တော့ ခြင်း ရင်ဘတ်အောင့် ခြင်း နှလုံး ထိခိုက် ခြင်း စ သည် လေ ဖြတ် ခြင်း,idx_new_health_2687
ပုံမှန် မ ဟုတ် တဲ့ လျှပ်စစ် လှုံ့ဆော်မှု တွေ ကို ပေး တဲ့ နှလုံး အစိတ်အပိုင်း တစ်ချို့ ကို အပူ သို့ အအေး အသုံးပြု ဖျက်ဆီး ပစ် ခြင်း,idx_new_health_2699
ပြောင်းဖူး ဆေးဖက် ဝင် ပြောင်းဖူးမွှေး အပင် ဒြပ်ပေါင်း ဆီးလမ်းကြောင်း ပိုး ဝင် တာ ကိုယ်တွင်း က အဆိပ်အတောက် တွေ နှလုံး ထိခိုက် တာ ကျန်းမာရေး ပြဿနာ ထိခိုက် ဒဏ်ရာ,idx_new_health_2702
ရောဂါ အခံ ဖြစ် ရင် ပြင်းထန် နိုင် တဲ့ အုပ်စု ဥပမာ နှလုံး ရောဂါ အဝလွန် သူ တွေ လည်း ထိုး ထား သင့် ပါ တယ်,idx_new_health_2708
သွေးတိုး ကြောင့် သွေး တွင်း အဆီဓာတ် များ နေ တာ ကြောင့် ဆီးချို ကြောင့် နှလုံးရောဂါ ကြောင့် ဆေးလိပ် ကြောင့် နဲ့ အဝလွန် တာတွေ ကြောင့် ဖြစ် ရ တာ ဆို တော့,idx_new_health_2738
အထိုင် များ နေ တာ လေ့ကျင့်ခန်း လုပ် တာ က နှလုံး ရောဂါ ကို ကာကွယ် ပေး နိုင် မယ့် နည်းလမ်း ကောင်း ဖြစ် ပါ တယ်,idx_new_health_2753
အမျိုးသား တွေ နှလုံး ရောဂါ ရင်သား ကင်ဆာ စိတ်ကျန်းမာရေး ပြဿနာ စိတ် ဖိစီးမှု ဆီးလမ်းကြောင်း ပြဿနာ အရက် သောက် ခြင်း လေဖြတ် ခြင်း အရိုး အဆစ် ရောင်ရမ်း နာ,idx_new_health_2759
ဆီးချို အကြို လက္ခဏာ ခံစား လာ ရ တဲ့ အခါ ဆီးချို ဖြစ် တဲ့ အဆင့်ကို မ ရောက် စေ ဘဲ ကျန်းမာ စေ ဖို့ အ တွက်,idx_new_health_2812
ထုံကျင် ခြင်း ရှိ မ ရှိ ခြေလက် အရိုး အရေ များ တွင် စစ် နိုင် ပုံ အား သိ နိုင် ခြင်း ဆီးချို ကြောင့် အာရုံကြော ထိ ခြင်း,idx_new_health_2823
နဂို က အကောင်း ဒါမှမဟုတ် သွေးတိုး ရှိ ပေမယ့် ဆေး တွေ နဲ့ ကောင်းကောင်း ထိန်း ထား နိုင် သူ တစ် ယောက် က သွေး တွေ တက် လာ ပြီ,idx_new_health_2850
အချိုစား လို့ ဆီးချို ဖြစ် တာ လား ဆို ပြီး ဆီးချို ဖြစ် မှာ စိုး တယ် ဆို ပြီး အချို တော့ လျှော့ စား ပါ ရဲ့,idx_new_health_2904
ကိုယ် အလေးချိန် လေး ကီလိုဂရမ် ကျော် ကိုး ပေါင် ရှိ တဲ့ ကလေး ကို မွေးဖွား ထား ရင် ဒါမှမဟုတ် ကိုယ်ဝန်ဆောင် ဆီးချို ဖြစ် ခဲ့ ဖူး ရင်,idx_new_health_2927
ဆီးချို ရှိ သူ တွေ အတွက် ကျန်းမာ တဲ့ စားသောက်မှု ပုံစံ ဆီးချို က နာတာရှည် ရောဂါ ဆို ပေမယ့် လည်း ကျန်းမာရေး နဲ့ ညီညွတ် အောင် စားသုံး မယ်,idx_new_health_2959
နှလုံး သွေးလွှတ်ကြော များ ကျဉ်းမြောင်း ခြင်း နှလုံး ကြွက်သား များ ကြီးမား ထူ ထဲ လာ ခြင်းကြောင့် ဖြစ် လာ နိုင် တဲ့ နောက် ဆက် တွဲ ပြဿနာ တွေ က တော့,idx_new_health_3009
ပုံမှန် လမ်းလျှောက် တာ က နှလုံး သွေးကြော ဆိုင်ရာ ရောဂါ နဲ့ အမျိုးအစား နှစ် ဆီးချို ရောဂါ ကို တင် ကာ ကွယ် ပေး တာ မ ဟုတ် ဘဲ,idx_new_health_3020
မြေပဲဆီ ဟင်းခတ် အမွှေးအကြိုင် နှမ်းဆီ ကျန်းမာရေး နှလုံး ကျန်းမာ စေ တယ် ပြည့်ဝ ဆီ နှလုံး သွေးကြော ဆိုင်ရာ ရောဂါ သွေးတွင်း အဆီ လေး ဖက်နာ အဆစ်ရောင် ရောဂါ ဇီဝ,idx_new_health_3029
သွား နဲ့ ခံတွင်း သွား တိုက် တာ ခန္ဓာကိုယ် သွားဖုံး သွားပွတ်တံ နှလုံး ရောဂါ သွားချေး တွေ ကင်ဆာ ဝေဒနာ သွား ပိုး စား တာ သွား ဆုံးရှုံး နိုင်ခြေ,idx_new_health_3194
ဟင်း ဟာ ဦးနှောက် အတွက် သာမက အသက်ကြီး သူ တွေ မှာ အဖြစ် များ တဲ့ ဆီးချို နဲ့ နှလုံး ရောဂါ တွေ ကို လည်း တိုက်ခိုက် နိုင် ပါ တယ်,idx_new_health_3202
ဒါ့အပြင် အမျိုးသမီး တွေ နှလုံး ရောဂါ ဝေဒနာ တစ်မျိုးမျိုး ခံစား ရ ချိန် မှာ ကြုံ ရ တတ် တဲ့ တခြား သော ရောဂါ လက္ခဏာ တွေ က တော့,idx_new_health_3260
ကိုရိုနာ ဗိုင်းရပ် က အစားအစာ က တစ်ဆင့် ကူးစက် နိုင် သလား,idx_new_health_0
ကိုရိုနာ ဗိုင်းရပ်စ် ကို ကာကွယ် ဖို့ ဘာ တွေ လုပ် ရ မလဲ,idx_new_health_1
ကိုရိုနာ ဗိုင်းရပ်စ် နဲ့ ရိုးရိုး အအေးမိ တာ ဘာ တွေ ကွာ သလဲ,idx_new_health_2
ကိုရိုနာ ဗိုင်းရပ်စ် မ ကူးစက် ဖို့ သင် ဘာ တွေ လုပ် နိုင် သလဲ,idx_new_health_3
ကိုရိုနာ ဗိုင်းရပ်စ် ရောဂါ ဖြစ်ပေါ် နေ ချိန် အတွင်း မှာ ဈေးဝယ် ထွက် ခြင်း နဲ့ ခရီးသွား ခြင်း တို့ ကို အန္တရာယ် ကင်း စွာ ဘယ်လို ပြုလုပ် မလဲ,idx_new_health_4
ကိုရိုနာ ဗိုင်းရပ်စ် ဟာ အရာဝတ္ထု တွေ နှင့် မျက်နှာပြင် ပေါ် မှာ ဘယ်လောက် ကြာကြာ အသက်ရှင် နိုင် သလဲ,idx_new_health_5
စကားပြော ရုံ နဲ့ ကိုရိုနာ ဗိုင်းရပ်စ် ပိုး ကူးစက် နိုင် သလား,idx_new_health_6
ဈေးဝယ် တဲ့ အခါ ဈေး ဝယ် ထွက် တဲ့ အခါ ပိုး ကူးစက် ခြင်း မ ခံ ရအောင် ဘယ်လို ကာကွယ် မ လဲ တွေး စရာ ဖြစ် လာ ပါ တယ်,idx_new_health_7
ညီမလေး တို့ က အနုပညာ လုပ် နေ တာ ဆို တော့ ပွဲ တွေ ဘာ တွေ မှာ မက်စ် အုပ် လို့ အဆင်မပြေ တာ မျိုး ရော ရှိ နိုင် လား,idx_new_health_8
ဒါပေမဲ့ တကယ် လို့ သင့် မှာ သာမိုမီတာ မရှိ ခဲ့ ရင် အဖျား ရှိ မ ရှိ ဘယ်လို ပြော မလဲ,idx_new_health_9
ဒီ ရောဂါ မ ဖြစ် အောင် ဘယ်လို ကာကွယ် တာ က အကောင်းဆုံး နည်း ဖြစ် နိုင် မလဲ,idx_new_health_10
ဘာ တွေ လုပ် လို့ ရ မလဲ အခု ချိန် မှာ တော့ ကာကွယ်ဆေး လည်း မ ပေါ် သေး ပါ ဘူး,idx_new_health_11
ဘာ လုပ် ကြ မလဲ,idx_new_health_12
မက်စ် က ရော အမျိုးအစား ကွဲပြား တာ ရှိ သေး လား,idx_new_health_13
မက်စ် တစ် ခု ကို အချိန် ဘယ်လောက် ကြာကြာ ဝတ်ဆင် နိုင် လဲ,idx_new_health_14
မက်စ် တပ် တာ က ရော ကာကွယ် တာ မှာ ထိရောက် လား ရှင့်,idx_new_health_15
မက်စ် တွေ ကို ဘယ်လို အချိန် မှာ တပ် မ လဲ သင့် မှာ နှာစေးချောင်း ဆိုး ဖြစ် နေ ခဲ့ ရင် တပ် ပါ,idx_new_health_16
ရင်သွေး လေး မှာ ချောင်းခြောက် ဆိုး နေ တာ ဘယ်လို အကြောင်း ကြောင့် လဲ,idx_new_health_17
ရေ သောက် ခြင်း ဖြင့် ကိုရိုနာ ဗိုင်းရပ်စ် ကို ကာကွယ် နိုင် ပါ သလား,idx_new_health_18
လမ်းမ များ ကား များ နှင့် ပစ္စည်း အသုံးအဆောင် တွေ ကို ပိုးသတ် ခြင်း က ကိုရိုနာ ဗိုင်းရပ်စ် ပြန့်ပွားမှု ကို အမှန်တကယ် ကာကွယ် နိုင် သလား,idx_new_health_19
ကလေး က အသက်ရှူ တွေ မြန်လာ မယ် အသက်ရှူ ရ ခက် လာ မယ် သတိလစ် သွား မယ် ဆို ရင် တော့ နီးစပ် ရာ ဆေးခန်း ဆေးရုံ ကို ပြ ရ ပါ မယ်,idx_new_health_20
ကလေး တွေ မှာ ကိုရိုနာ ဗိုင်းရပ်စ် ကြောင့် ရောဂါ ပြင်းပြင်းထန်ထန် ခံစား ရ တာ မျိုး က ရာခိုင်နှုန်း နည်းပါး ပါ တယ်,idx_new_health_21
ကလေး များ တွင် ကိုရိုနာ ဗိုင်းရပ်စ် သည် အဖြစ် နည်း သော် လည်း ဖြစ် လျှင် ပြင်းထန် ပါ သည်,idx_new_health_22
ကိုယ်ခံအား တက် အောင် များများ အိပ် ပါစေ,idx_new_health_23
ကိုယ်ခံအား မ ကောင်း သူ တွေ ပို သတိထား ရ မယ့် ကို ရိုနာ ဗိုင်းရပ်စ်,idx_new_health_24
ကိုရိုနာ ဗိုင်းရပ်စ် ကူးစက် ခံ ရ သော ကလေး အများစု အနေ နှင့် သာမန် ဖျားနာ လက္ခဏာ များ ကို သာ ခံစား ရ ပြီးနောက် ပြန်လည် သက်သာ လာ ကြ တာ များ ပါ တယ်,idx_new_health_25
ကိုရိုနာ ဗိုင်းရပ်စ် ကြောင့် ခံစား ရ တဲ့ လက္ခဏာ တွေ ဟာ အကြောင်းရာ များ ပေါ် မူတည် ပြီး ပြင်းထန်မှု ကွာခြား နိုင် ပါ တယ်,idx_new_health_26
ကိုရိုနာ ဗိုင်းရပ်စ် တွေ ဟာ လူ တွေ မှာ အသက်ရှူ လမ်းကြောင်း ကို ပြဿနာ ပေး ပါ တယ်,idx_new_health_27
ကူးစက် ရောဂါ တစ်ခု စီ တိုင်း မှာ သူ နဲ့ သက်ဆိုင် တဲ့ ရောဂါ လက္ခဏာ တွေ ရှိ နေ တတ် ပါ တယ်,idx_new_health_28
ချောင်း တွေ ဆိုး လာ မယ်,idx_new_health_29
ချောင်းခြောက် ချွဲ မ ရှိ တာ ကြောင့် ချောင်းခြောက် လို့ ခေါ် ပါ တယ်,idx_new_health_30
ချောင်းခြောက် ဆိုး နေ တာ မျိုး လည်း ဖြစ် တတ် ပါ တယ်,idx_new_health_31
ချောင်းခြောက် ဆိုး ပြီး မ သက်မသာ ဖြစ် နေ တဲ့ ရင် သွေး လေး ကို မုန်ညင်း ဆီ နွေး လေး နဲ့ နှိပ်နယ် ပေး လိုက် ပါ ဦး,idx_new_health_32
ချောင်းဆိုး ခြင်း အိပ်ရာ ထဲ မှာ လှဲ အိပ် နေ တုန်း ချောင်းခြောက် ဆိုး နိုင် ပါ တယ်,idx_new_health_33
ချောင်းဆိုး သည့် အခါ အသံ တိမ် ၀င် သွား တတ် ပါ တယ်,idx_new_health_34
ချွဲ တွေ ပန်းရောင် သမ်း ရ ခြင်း က တော့ သွေး အနည်းငယ် ပါ လို့ ဖြစ် ပါ တယ်,idx_new_health_35
ချွဲ ထွက် သော ချောင်း ဖြစ် နိုင် သလို ချောင်းခြောက် လည်း ဖြစ် နိုင် ပါ တယ်,idx_new_health_36
စိတ်ဖိစီးမှု ဟော်မုန်း ဖြစ် တဲ့ ကော်တီဆော ပမာဏ ကြောင့် ကိုရိုနာ ဦးနှောက် နဲ့ ကော ပတ်စ်ကေ လိုဆမ် လို့ ခေါ် တဲ့ ဦးနှောက် နှစ်ခြမ်း မှာ ပျက်စီး ချွတ်ယွင်းချက် တွေ ဖြစ် လာ ပါ တယ်,idx_new_health_37
ဆယ် ပေါင် လောက် ကျ သွား ပြီး ဆေး တွေ ကို လည်း ခြောက် နာရီ ခြား သောက် နေ ရ ပါ တယ်,idx_new_health_38
တကယ်လို့ သင် ဟာ ဖျားနာ နေ တယ် နှာစေး ချောင်းဆိုး နေ တယ် ဆို ရင် တော့ အပြင် ထွက် တဲ့ အခါ မက်စ် တပ်သင့် ပါ တယ်,idx_new_health_39
တချို့ ချောင်း တွေ က တော့ ဘာ မှ မ ထွက် လာ တတ် တာ မို့ ချောင်းခြောက် လို့ ခေါ် ပါ တယ်,idx_new_health_40
တုပ်ကွေး က နေ တစ်ဆင့် လည်း အဆုတ်ရောင် နမိုးနီးယား အဆင့် ကို ပြောင်း နိုင် ပါ သေး တယ်,idx_new_health_41
တုပ်ကွေး က နေ ပြီး အဆုတ်ရောင် ခြင်း နဲ့ အခြား ရောဂါ ပိုး ဝင် ခြင်း တွေ နဲ့ ဆက်စပ် သွား နိုင် ပါ တယ်,idx_new_health_42
တုပ်ကွေး က အအေးမိ တာ ထက် ရောဂါ လက္ခဏာ ပို ဆိုး ပြီး ပို ကြာ တယ် လို့ ဆို ပါ တယ်,idx_new_health_43
တုပ်ကွေး မိ ရင် ချောင်းခြောက် ဆိုး တာ နဲ့ စ ပါ တယ်,idx_new_health_44
ထို့ပြင် ကိုယ်ခံ အား ကို လည်း ကျ စေ နိုင် ပါ တယ်,idx_new_health_45
ဒါ ကြောင့် မို့ ရိုးရိုး အကိုက်အခဲ ပျောက်ဆေး နဲ့ အဖျား ကျ ဆေး သောက် ပြီး အိပ်ရာ ထဲ မှာ တစ် ရက် နေ ပြီး နောက် ရက် ဆေးခန်း သွား ပြ ခဲ့ ပါ တယ်,idx_new_health_46
ဒါ ကြောင့် ရိုးရိုး တုပ်ကွေး မိ တာ လို့ ပဲ ထင် ခဲ့ ပါ တယ်,idx_new_health_47
ဒါပေမဲ့ ကလေး တွေ ပာာ လူကြီး တွေ လို ရင် ဆို့ တာ ရင် ပူ တာ တွေ မဖြစ် ပါ ဘူး,idx_new_health_48
ဒါပေမဲ့ ကိုရိုနာ ဗိုင်းရပ်ပိုး စစ် လိုက် ရင် တော့ ပိုး ရှိ နေ တုန်း ပါ ပဲ,idx_new_health_49
ဒါပေမဲ့ တစ်ခါတစ်ရံ ချောင်းဆိုး ထုတ် လိုက် တဲ့ အခါ သွေး တွေ လည်း ပါ လာ တတ် ပါ တယ်,idx_new_health_50
ဒါပေမဲ့ ရောဂါ စ စ ဖြစ် ချင်း မှာ ဘာ လက္ခဏာ မှ မ ပြ တတ် ပါ ဘူး,idx_new_health_51
ဒါပေမဲ့ အသက်ရှူ ကြပ်တာ ချောင်းဆိုး တာ စတဲ့ လက္ခဏာ တွေ လုံးဝ မ ရှိ ခဲ့ ပါ ဘူး,idx_new_health_52
ဒါ့ အပြင် လူမျိုး အလိုက် လည်း ရောဂါ အတိမ်အနက် ကွဲပြား သေး တယ် လို့ ဆို ပါ တယ်,idx_new_health_53
ဒီ ကြား ထဲ မှာ တော့ ည ဘက် ပဲ တစ်ခါတလေ အဖျား တက် ချမ်းတုန် တာ မျိုး ရှိ ပါ တော့ တယ်,idx_new_health_54
ဒီ ချောင်း က ဆယ် ရက် လောက် ဆိုး နေ မယ်,idx_new_health_55
ဒီ တော့ ချောင်းဆိုး ရင်ကြပ် တော်တော် နဲ့ မ ပျောက် တဲ့ ကလေး တွေ ကို တတ်ကျွမ်း နားလည် တဲ့ ကလေး အထူးကု ဆရာဝန် နဲ့ ပြသ စစ်ဆေး ပါ,idx_new_health_56
ဒီ နောက်ပိုင်း မှာ နည်းနည်း သက်သာ လာ ခဲ့ ပေ မယ့် ဖျား တာ နဲ့ ချမ်းတာ က တော့ ကျန် နေ ပါ သေး တယ်,idx_new_health_57
ဒီလို ချွဲ သလိပ် တွေ သွေး တွေ ပါ လာ တဲ့ ချောင်း မျိုး ကို ချောင်းစို လို့ ခေါ် ပါ တယ်,idx_new_health_58
နောက် ရက် တွေ မှာ အခြေအနေ က ပို ပို ဆိုး လာ ပြီး အစား စား ချင် စိတ် လည်း မ ရှိ တော့ ပါ ဘူး,idx_new_health_59
နောက်ထပ် ကံကောင်း တာ တစ် ခု က သွေးကြော နံရံ များ ရောင်ရမ်း ခြင်း ရောဂါ ဟာ ပြင်းထန် ပေမယ့် အဖြစ် နည်း တဲ့ ရောဂါ ဖြစ် နေ တာ ပါ ပဲ,idx_new_health_60
နေ့လည် ဘက် တွေ မှာ လည်း ချောင်းဆိုး တတ် ပြီး ပန်းရောင် သမ်း တဲ့ ချွဲ သလိပ် တွေ ထွက် ပါ တယ်,idx_new_health_61
နှာစေး ခြင်း ချောင်းဆိုး ခြင်း ငွေ့ငွေ့ ဖျား ခြင်း တို့ ဖြစ်ပေါ် ပါ တယ်,idx_new_health_62
ပြင်းထန် ပါ က အသက်ရှူကျပ် ခြင်း နှင့်အတူ အသက်ပါ သေဆုံး နိုင် ပါ တယ်,idx_new_health_63
ဖျား တယ် ချမ်း ပြီး နုံး တယ် ကြွက်သား တွေ နာကျင် ကိုက်ခဲ နေ ခဲ့ တယ်,idx_new_health_64
ဖြစ်ပွား စေ တဲ့ အကြောင်းအရင်း ပေါ် မူတည် ၍ လည်ချောင်း နာ ခြင်း ပြင်းထန်မှု အမျိုးမျိုး ရှိ ပါ တယ်,idx_new_health_65
ဘာ ကြောင့် လဲ ဆို အပြင် မှာ သွား ရင်း လာ ရင်း တွေ့ နေ တဲ့ လူ တွေ ဟာ နေမကောင်း တဲ့ ပုံ မ ပြ ဘဲ အကောင်း အတိုင်း မို့ ပါ,idx_new_health_66
ဘာ လက္ခဏာ မှ မ ပြ ခဲ့ ပါ ဘူး,idx_new_health_67
ဘာ့ ကြောင့်ဆို ကိုရိုနာ ဗိုင်းရပ်စ် က အသက်ရှူ လမ်းကြောင်း ဆိုင်ရာ ရောဂါ ဖြစ် တဲ့ အတွက် ဖြစ် ပါ တယ်,idx_new_health_68
ရိုးရိုး အအေးမိ ခြင်း တချို့ ဟာ တကယ်တော့ ကိုရိုနာ ဗိုင်းရပ်စ် တွေ ကြောင့် ပါ ပဲ,idx_new_health_69
ရောဂါ ဖြစ် စေ တဲ့ ပိုးမွှား ပေါ် မူတည် ၍ ရောဂါ လက္ခဏာ အမျိုးမျိုး ကွဲပြား ခြားနား နိုင် သော် လည်း အများ အား ဖြင့် ကိုယ် အပူချိန် မြင့်တက် ၍ နုံးခွေ နိုင် ပါ တယ်,idx_new_health_70
ရောဂါ လက္ခဏာ မ ရှိ သူ လူကောင်း တစ် ယောက် ထံ မှ ကိုရိုနာ ဗိုင်းရပ်စ် ကူးစက် ခံ ရ နိုင် ပါ တယ်,idx_new_health_71
ရောဂါ လက္ခဏာ များ အဓိက တွေ့ ရ သော လက္ခဏာ မှာ ချောင်းဆိုး ခြင်း ဖြစ် ပြီး တစ် ပတ် ကျော် ထိ ကြာမြင့် တတ် ပါ တယ်,idx_new_health_72
ရှစ် ရက် မြောက် နေ့ မှာ တော့ အဖျား ပါ မ ရှိ တော့ ပါ ဘူး,idx_new_health_73
အခု ဆယ့်သုံး ရက် နေ့ မြောက် မှာ တော့ အဖျား လည်း လုံးဝ မ ရှိ တော့ လည်း တခြား လက္ခဏာ တွေ လည်း အကုန် မ ရှိ တော့ ပါ ဘူး,idx_new_health_74
အဓိက က ကိုယ်ခံအား နည်း တဲ့ သူ တွေ မှာ အများဆုံး ပို ဖြစ် နိုင် တယ် လို့ သိ ရ တယ်,idx_new_health_75
အဖျား ကြီး တာ ကို ကိုရိုနာ ဗိုင်းရပ်စ် ရဲ့ လက္ခဏာ တစ်ခု လို့ သတ်မှတ် ထား ပါ တယ်,idx_new_health_76
အသက်ရှူ ရ ခက် မယ်,idx_new_health_77
အသက်ရှူ လမ်းကြောင်း မှာ ယားယံ ခြင်း ရောင်ရမ်း ခြင်း ကြောင့် ဖြစ် တာ များ ပါ တယ်,idx_new_health_78
အဲဒီ တော့ သံသယ လူနာ တွေ လာ ပြီ ဆို ရင် အမ တို့ က ပြင်ပ လူနာ ဌာန မှာ စမ်းသပ်မှု အနေ နဲ့ ဒီ ရောဂါ လက္ခဏာ တွေ အနေနဲ့ ဖျား မယ်,idx_new_health_79
အဲဒီ အစား နှာစေး ချောင်းဆိုး လည်ချောင်း နာ တွေ ဖြစ်ပေါ် ခံစား လာ ရ ပါ တယ်,idx_new_health_80
ကု လို့ ရ ပါ တယ်,idx_new_health_81
ကျန်းမာရေး နဲ့ ညီညွတ် အောင် စား ပေး တာ က ကိုယ် ကျန်းမာရေး အတွက် တင် မ က စိတ် ကျန်းမာရေး အတွက် ပါ အရေးကြီး ပါ တယ်,idx_new_health_82
ချောင်းခြောက် ဆိုး တာ မ သက်သာ ရင် ရက်ရှည် လာ ရင် ဆရာ၀န် နဲ့ ပြသ ဆွေးနွေး ဖို့ စီစဉ် ရ ပါ မယ် မေမေ တို့ ရေ,idx_new_health_83
ချောင်းခြောက် ဆိုး နေ တဲ့ လသား အရွယ် သားသား မီးမီး ရဲ့ ရင်ဘတ် ခြေဖဝါး နဲ့ လည်ပင်း လေး တွေ ကို အသာအယာ ပွတ် လိမ်း ပေး လို့ ရ ပါ တယ်,idx_new_health_84
ချောင်းခြောက် ဆိုး နေ သူ ရင်သွေး လေး အတွက် အိမ်တွင်း ဆေး နည်းကောင်း များ,idx_new_health_85
ချောင်းခြောက် ဆိုး ပျောက် ဖို့ အတွက် အခြေခံ အကျ ဆုံး လိုက်နာ သင့် တဲ့ အချက် တွေ က တော့ ဒီ မှာ ပါ,idx_new_health_86
ချောင်းခြောက် ဆိုး ပြီး မသက်မသာ ဖြစ် နေ တဲ့ ရင်သွေးလေး ကို မုန်ညှင်း ဆီ နွေး လေး နဲ့ နှိပ်နယ် ပေး လိုက် ပါ ဦး,idx_new_health_87
ချောင်းဆိုး ပျောက် ဆေး သောက် လည်း မ သက်သာ ပါ ဘူး,idx_new_health_88
ဆရာဝန် ပြ ရ မယ်,idx_new_health_89
ဆာဂျက်ကယ် မက်စ် တွေ ကို ခြောက် နာရီ ထက် ကျော် ပြီး အသုံးမပြု သင့် ပါ ဘူး,idx_new_health_90
ဆာဂျက်ကယ် မက်စ် တွေ ကို တော့ လေး နာရီ ပြည့် တိုင်း အသစ် တစ် ခု လဲ ဝတ် တာ အကောင်းဆုံး ဖြစ် ပါ တယ်,idx_new_health_91
ဆေး သောက် ရ မယ်,idx_new_health_92
တခြား အကြောင်းရင်း တွေ ရှိ နေ မလား ရှာဖွေ စစ်ဆေး ပါ,idx_new_health_93
တစ် နာရီ အတွင်း မ သက်သာ ဘူး ပို ဆိုး လာ ရင် ဆေးရုံ သွား ပါ,idx_new_health_94
တစ် နေ့ ကို ဆားရည် နွေး ဖြင့် ပလုတ်ကျင်း ခြင်း ကို နှစ် ကြိမ် ပြုလုပ် ပါ,idx_new_health_95
တစ် နှစ် အောက် ကလေး ငယ် များ ကို တော့ ဆာဂျက်ကယ် မက်စ် များ အသုံးမပြု ဖို့ အသိပေး ထား ပါ တယ်,idx_new_health_96
ဒီ စမ်းသပ်မှု မှာ ပုံမှန် သောက် နေ ကျ အိုင်ဘီယူပရိုဖန်း ဆေး ဖော်မြူ လာ အစား အထူး ဖော်မြူ လာ ကို အသုံးပြု ထား ပါ တယ်,idx_new_health_97
နောက် အိုင််စီယူ ထဲ မှာ ကြပ်မတ် ကုသဆောင် မှာ အမ တို့ သီးသန့် ခန်း တွေ နဲ့ လည်း ထား ရှိ ပြီး စီစဉ် ဆောင်ရွက် လျက် ရှိ ပါ တယ်,idx_new_health_98
ဘာ မှန်း မ သိ ဘဲ ဆေးရမ်း သောက် လို့ မ ရ ပါ ဘူး,idx_new_health_99
မက်စ် ကို လျှော် ပြီး ပြန် ဝတ် မယ် ဆို ရင် တော့ အရည်အသွေး ပြည့်မီ စွာ ကာကွယ် နိုင် မှာ မ ဟုတ် တာ ကို သတိပြု ပါ,idx_new_health_100
မက်စ် တပ် တဲ့ အခါ မှာ နှာခေါင်း ကော ပါးစပ် ပါ အုပ် ထား ဖို့ လို ပြီး သတ္တုပြား ကို နှာရိုး တွင် အံကျ အောင် လက် ဖြင့် ဖိ ပေး ပါ,idx_new_health_101
မော တာ ရင် ကျပ် တာ မ ရှိ ဘူး ဆို ရင် သူ့ ကို အိမ် မှာ ပဲ နား ခိုင်း တယ်,idx_new_health_102
မျက်နှာ ပေါ် တွင် ချောင် လွန်း သော မက်စ် များ နှင့် တင်းကြပ် လွန်း တဲ့ မက်စ် တွေ ကို တော့ အသုံးမပြု သင့် ပါ ဘူး,idx_new_health_103
မျက်နှာ ရှေ့ က ကာ တာ တစ်ခု ထဲ နဲ့ မ လုံလောက် ပါ ဘူး,idx_new_health_104
မြန်မာ တွေ အိမ် မှာ အမြဲ ရှိ တတ် တဲ့ မုန်ညှင်း ဆီ က တော့ အရိုးရှင်းဆုံး အထိ ရောက် ဆုံး ပါ တဲ့,idx_new_health_105
ရေ နဲ့ တစ် မိနစ် လောက် ပလုတ်ကျင်း ပေး ပါ,idx_new_health_106
ရေ များများ သောက် ပါ,idx_new_health_107
ရေ များများ သောက် ပါ က ဆီး လမ်းကြောင်း ထဲ ရှိ ဘက် တီးရီးယား ပိုး တွေ ကို အပြင် ကို ထွက် သွား စေ နိုင် ပါ တယ်,idx_new_health_108
လုံလောက် မှန်ကန် တဲ့ ကုသမှု ခံယူ ပါ,idx_new_health_109
လူနာ တစ်ဝက် ကို ပုံမှန် ကုသမှု တွေ အပြင် အိုင်ဘီယူပရိုဖန်း ကို ပေး ကြည့် ပါ တယ်,idx_new_health_110
အကောင်းဆုံး က ဆရာဝန် ကို ချက်ချင်း ပြသ ဆွေးနွေး ပါ,idx_new_health_111
အပျော့ စား ကို ရိုနာ လက္ခဏာ တွေ အတွက် တော့ အိုင်ဘီယူပရိုဖန်း ထက် စာ ရင် ပါရာစီတမော ကို ပို သောက် ပေး စေ ချင် ပါ တယ်,idx_new_health_112
အများ အား ဖြင့် တော့ တုပ်ကွေး ဖြစ် ပြီး နောက် မှာ ချောင်းခြောက် ဆိုး ပြီး ကျန်ရစ် နိုင် ပါ တယ်,idx_new_health_113
အလားတူ အန်နိုင်တိဖိုက် မက်စ် တွေ ကို လည်း စိုစွတ် စုတ်ပြဲ နေ ပါ က အသစ် လဲ သင့် ပါ တယ်,idx_new_health_114
အဝတ် မက်စ် တွေ ကို အလွှာ သုံး ထပ် ပါ တဲ့ အမျိုးအစား ကို သာ ရွေးချယ် ဝယ်ယူ ပြီး မျက်နှာ နှင့် အံဝင်ခွင်ကျ ဖြစ် နေ ဖို့ အရေးကြီး ပါ တယ်,idx_new_health_115
အသက် အရွယ် ကြီး သူ တွေ မှာ တော့ ဒီ ကိုယ်ခံအား စနစ် နှစ် ခု လုံး အားနည်း သွား ပြီး ရောဂါ ကို တိုက် နိုင်စွမ်း လျော့နည်း သွား ပါ တယ်,idx_new_health_116
အသက်ရှူ ကျပ် ခြင်း မော ခြင်း မှိန်း ခြင်း တို့ ဖြစ် ပေါ် လာ ပြီ ဆိုတာ နဲ့ ဆေးရုံ အမြန် ပြ ပါ,idx_new_health_117
အိပ် လိုက် တဲ့ အချိန် မှာ ချောင်းဆိုး ပြီး တော့ နှာ တွေ စေး လာ ရင် နှာခေါင်း မှာ ဖြစ် တဲ့ အကြောင်းအရင်း ကြောင့် ချောင်းဆိုး တာ ဖြစ် နိုင် ပါ တယ်,idx_new_health_118
ကပ်ရောဂါ ကာလ မှာ လူ ကျန်းမာ ဖို့ လိုအပ် သလို စိတ် ကျန်းမာရေး ကောင်း အောင် နေ ဖို့ လည်း သတိပြု သင့် ပါ တယ်,idx_new_health_119
ကပ်ရောဂါ ဆိုး အန္တရာယ် မှ ကင်းဝေး ပြီး ချစ်စရာ ကောင်း တဲ့ သားသား မီးမီး လေး တွေ ကျန်းမာ စွာ မွေးဖွား နိုင် ကြ ပါစေ နော်,idx_new_health_120
ကပ်ရောဂါ ဘေး မှ ကင်းဝေး ပြီး စိတ်ချမ်းသာ ကိုယ် ကျန်းမာ ရှိ ကြ ပါစေ,idx_new_health_121
ကလေး ချောင်းဆိုး နှာချေ တဲ့ အခါ တံတောင်ကွေး ဖြင့် အုပ် သို့မဟုတ် တစ်သျှူး ဖြင့် အုပ် စေ ဖို့ သင်ကြား ပေး ပါ,idx_new_health_122
ကလေး တွေ ကို လည်း လက်ဆေး ဖို့ အတွက် ကူညီ ပေး ပါ,idx_new_health_123
ကလေး နဲ့ တတ် နိုင် သလောက် မ ထိ မ တွေ့ မိ အောင် နေ ပေး ပါ,idx_new_health_124
ကလေး များ တွင် တွေ့ ရ သော ကိုရိုနာ ဗိုင်းရပ်စ် နှင့် ဆက်စပ်မှု ရှိနိုင် တဲ့ ရောဂါ လက္ခဏာ များ အကြောင်း ကို ယူတေ နိုင်ငံ မှ ဆရာဝန် တစ် ဦး တင်ပြ,idx_new_health_125
ကလေး ရဲ့ အရုပ် များ နှင့် အသုံးအဆောင် ပစ္စည်း များ ကို သန့်စင် အောင် ဆေးကြော ခြင်း ပိုးသတ်ဆေး ဖျန်း ခြင်း တို့ ပြုလုပ် သင့် ပါ တယ်,idx_new_health_126
ကာကွယ် နိုင် မယ့် ကြာချိန် တို လေ လေ ဗိုင်းရပ်စ်ကူးစက်နှုန်း ကို တားဆီး နိုင်စွမ်း နည်း လေ လေ ပါ ပဲ,idx_new_health_127
ကာကွယ်ဆေး မ ထိုး ဘဲ ကိုရိုနာ ဗိုင်းရပ်စ် ပြန့်ပွားမှု ကို လုံးလုံး ကြီး တားဆီး လို့ မ ရ ပါ ဘူး,idx_new_health_128
ကိုယ် နေ့ တိုင်း ကိုင်တွယ် ထိ တွေ့ နေ တာ တွေ ကို ဆေးကြောပိုး သတ် ပါ,idx_new_health_129
ကိုယ်ခံအား ကောင်း အောင် လုပ် ရ မယ် အာဟာရ ပြည့် အောင် စား ရ မယ်,idx_new_health_130
ကိုယ်တိုင် နေ မကောင်း ပါ က တခြား သူ များ ကို မ ကူးစက် စေရန် အိမ် မှာ ပဲ နေ ပါ,idx_new_health_131
ကိုယ့် မျက်နှာ နှင့် အံဝင်ခွင်ကျ မဖြစ် ဘဲ ကြီး နေ သော မက်စ် တွေ ကို လည်း အသုံးမပြု သင့် ပါ ဘူး,idx_new_health_132
ကိုယ့် မှာ ရှိ နေ တဲ့ ရောဂါ အခံ တွေ ကြောင့် ပျောက်ကင်း ဖို့ ကြာ နိုင်,idx_new_health_133
ကိုရိုနာ ကဲ့သို့ အသက်ရှူ လမ်းကြောင်း ရောဂါ တွေ က ကာကွယ် ဖို့ ဆေးလိပ် ဖြတ် ပါ,idx_new_health_134
ကိုရိုနာ ဗိုင်းရပ် က ကာကွယ် ဖို့ ဒီ အချိန် မှာ တော့ ဝေး လေ ကောင်း လေ ပါ ပဲ,idx_new_health_135
ကိုရိုနာ ဗိုင်းရပ်စ် ကို ကာကွယ် ဖို့ အသိပညာပေးချက် တိုင်း မှာ အဓိက ပါ တာ က တော့ လက်ဆေး ဖို့ နဲ့ တစ်ကိုယ်ရည် သန့်ရှင်းရေး ကို ဂရုစိုက် ကြ ဖို့ ပါ ဘဲ,idx_new_health_136
ကိုရိုနာ ဗိုင်းရပ်စ် ကူးစက် နိုင် တဲ့ အဓိက နည်းလမ်း သုံး မျိုး ရှိ ပါ တယ်,idx_new_health_137
ကိုရိုနာ ဗိုင်းရပ်စ် ပိုး ကို ပျောက်ကင်း အောင် တိုက်ခိုက် ရ တဲ့ ရောဂါ ခရီး လမ်း က မ လွယ်ကူ လှ ပါ ဘူး,idx_new_health_138
ကူးစက် ရောဂါ တွေ ကို ထိရောက် စွာ ကာကွယ် နိုင် မယ့် နည်းလမ်း ကောင်း တွေ ထဲက နောက်ဆုံး တစ်ခု က တော့ ကာကွယ်ဆေး ထိုးနှံ တာ ပဲ ဖြစ် ပါ တယ်,idx_new_health_139
ကူးစက် ရောဂါ အများစု ဖြစ်ပွား စေ တဲ့ အလွယ်ကူဆုံး နည်းလမ်း က တော့ ရောဂါ ရှိ တဲ့ လူ သို့မဟုတ် တိရစ္ဆာန် တွေ နဲ့ ထိ တွေ့ မိ ခြင်း ပါ ပဲ,idx_new_health_140
ကောင်းကောင်း အနားယူ ပါ,idx_new_health_141
ကြိုတင် ကာကွယ် ခြင်း ဟာ ကုသ ခြင်း ထက် ပို ကောင်း တယ် ဆို တဲ့ အတိုင်း ကာကွယ်ဆေး ရှိ တဲ့ ကူးစက် ရောဂါ တွေ ကို ဆေးထိုး ထား ခြင်း ဖြင့် ကာကွယ် ပါ,idx_new_health_142
ခန္ဓာကိုယ် ထဲ ကို ဗိုင်းရပ်စ် မ ဝင် နိုင် အောင် လက်ဆေး ပါ လက် နဲ့ မျက်နှာ ကို အတတ်နိုင်ဆုံး မ ထိ ပါ နဲ့,idx_new_health_143
ချောင်းဆိုး နှာချေ တဲ့ အခါ နှာခေါင်း နဲ့ ပါးစပ် ကို လုံ အောင် အုပ် ထား ပါ,idx_new_health_144
ချွတ် ပြီး ပြီး ချင်း လက်ဆေး ပါ,idx_new_health_145
ငါ့ ကို တော့ မ ကူး နိုင် ဘူး ကူး ခဲ့ ရင် တောင် ရိုးရိုး တုပ်ကွေး လောက် ပဲ ခံ ရ မှာ လို့ ထင် ခဲ့ ပါ တယ်,idx_new_health_146
ဆပ်ပြာ နဲ့ ရေ အလွယ်တကူ မ ရ နိုင် ရင် အရက် ပြန် ပါဝင် တဲ့ လက်သန့် ဆေးရည် ကို အသုံးပြု ပါ,idx_new_health_147
ဆပ်ပြာ နဲ့ လက် ကို စက္ကန့် နှစ်ဆယ် ကြာ ဆေး ပါ,idx_new_health_148
ဆရာဝန် သွား ပြ ရင် ချောင်းခြောက် လား ချောင်းစို လား ဆို ပြီး မေး တာ ကြား ဖူး မှာ ပေါ့,idx_new_health_149
ဆေး တယ် ဆို တဲ့ နေရာ မှာ လည်း လက် ကို ရေ နဲ့ ဆပ်ပြာ သုံး ပြီး ဖြစ် ဖြစ် လက်သန့်ဆေးရည် နဲ့ ဖြစ် ဖြစ် ဆေး နိုင် ပါ တယ်,idx_new_health_150
ဆေးရည် တွေ နဲ့ ပွတ်တိုက် ပြီး ရင် ပြန် မ သုတ် ပါ နဲ့,idx_new_health_151
ဆေးလိပ် သောက် တာ ရှောင် ပါ,idx_new_health_152
ဆေးလိပ် သောက် သူ တွေ မှာ ကိုရိုနာ နှင့် အခြား အသက်ရှူ လမ်းကြောင်း ရောဂါ တွေ ဖြစ်နိုင်ချေ နှင့် ရောဂါ ကြောင့် သေဆုံး နိုင်ခြေ ပို များ ပါ တယ်,idx_new_health_153
ဇင့် ဓာတ် ကြွယ်ဝ သော အစားအစာ များ ဖြစ် တဲ့ ပဲ သစ်ကြားစေ့ သစ် အယ် စေ့သီ ဟိုစေ့ ပဲ အမျိုးမျိုး နဲ့ ဖရုံစေ့ များ ကို စားသုံး ပါ,idx_new_health_154
တကယ် လို့ ရေ နဲ့ ဆပ်ပြာ မ ရ တဲ့ နေရာ မှာ ဆို ရင် တော့ လက်သန့် ဆေးရည် သုံး ရ တော့ မှာ ပေါ့,idx_new_health_155
တချို့ နေရာ တွေ မှာ ကြေးချွတ် ဆေးရည် ကို ရေ နဲ့ ရော ပြီး အသုံးပြု လို့ ရ ပါ တယ်,idx_new_health_156
တခြား လူ တွေ နဲ့ တတ် နိုင် သမျှ မ ထိ တွေ့ ပါ နဲ့,idx_new_health_157
တခြား လူ တွေ နဲ့ အတူ ရှိ နေ ရင် မက်စ် တပ် ထား ပါ,idx_new_health_158
တစ်ကိုယ်ရည် သန့်ရှင်းရေး ကို ဂရုစိုက် ပါ,idx_new_health_159
တစ်ယောက် နဲ့ တစ်ယောက် ခပ် ခွာခွာ နေ ပါ,idx_new_health_160
တစ်သျှူး ဒါမှမဟုတ် တံတောင် ကွေး နဲ့ အုပ် ပါ,idx_new_health_161
တံခါး လက်ကိုင် တွေ ထိုင်ခုံ မီးဖိုချောင် အိမ်သာရေ ဘုံဘိုင်မီး ခလုတ် ဖုန်း ကွန်ပျူတာ အရုပ် စတာ တွေ ကို သန့်ရှင်းရေး လုပ် ပါ,idx_new_health_162
တံခါး လက်ကိုင် မီးခလုတ် ဖုန်း စားပွဲ ကွန်ပျူတာ စတာ တွေ ကို ပိုးသတ် ပါ,idx_new_health_163
ထိ တွေ့ ကိုင်တွယ် မှု များ တဲ့ မျက်နှာပြင် တွေ ပစ္စည်း တွေ ကို ဆေးကြော သန့်စင် ပါ,idx_new_health_164
ထို မက်စ် ငါး ခု ကို တစ် လ သာ အများဆုံး သုံး ပြီးနောက် တစ် လ တွင် အသစ် ငါး ခု ကို ထပ် အသုံးပြု ပါ,idx_new_health_165
ထို့ အတူ ကာကွယ်ဆေး ထိုး ထား တဲ့ နိုင်ငံ များ လေ လေ ဗိုင်းရပ်စ် ပြန့်ပွားမှု ကို တားဆီး နိုင် လေ ဖြစ် ပါ တယ်,idx_new_health_166
ထို့ကြောင့် ကမ္ဘာ့ ကျန်းမာရေး အဖွဲ့ နှင့် အခြား အဖွဲ့အစည်း တွေ အားလုံး က တစ် ကမ္ဘာ လုံး ကာကွယ်ဆေး ထိုးနှံ နိုင် ရေး ကို ကြိုးပမ်း နေ ကြ တာ ပဲ ဖြစ် ပါ တယ်,idx_new_health_167
ဒါ ကြောင့် မိဘ တွေ ကလေးထိန်း သူ တွေ အနေနဲ့ မ ကြာ ခဏ လက်ဆေး ပါ,idx_new_health_168
ဒါ ကြောင့် လက် မကြာ မကြာ ဆေး ပေး ခြင်း က ရောဂါ ဘယ တွေ ဖြစ်ပွား နှုန်း ကို တစ်ဝက် လောက် အထိ လျှော့ချ ပေး တယ်,idx_new_health_169
ဒါ ကြောင့် အသက်ကြီး သူ တွေ မှာ ဒီ ကိုရိုနာ ဗိုင်းရပ်စ် အပါအဝင် အခြား ကူးစက် ရောဂါ တွေ ကို သေသေချာချာ ကာကွယ် ဖို့ လို ပါ တယ်,idx_new_health_170
ဒါပေမဲ့ လက်ဆေး တာ က ဒီ လောက် နဲ့ မ လုံလောက် သေး ပါ ဘူး,idx_new_health_171
ဒါပေမဲ့ လည်း အအေးမိ ခြင်း ချွဲ ထ ခြင်း လည်ချောင်း ခြောက်သွေ့ ခြင်း နှင့် အခြား အသက်ရှူ လမ်းကြောင်း ပြဿနာ တွေ ကြောင့် လည်း ဖြစ်ပေါ် နိုင် ပါ တယ်,idx_new_health_172
ဒါမှမဟုတ် အရက်ပြန် ခြောက်ဆယ် ပါ တဲ့ လက်ဆေးရည် နဲ့ ဆေးကြော ပါ,idx_new_health_173
ဒါဟာ ရောဂါ တစ်မျိုး မျိုး ရှိထား နှင့် ပြီးသား ကလေး တွေ ကို ပို ဂရုစိုက် သင့် ကြောင်း ပြ လိုက် တာ ပါ ပဲ,idx_new_health_174
ဒါ့ကြောင့် ကာကွယ်ဆေး ထိုး ပြီး ရင် တောင် နှာခေါင်းစည်း တပ် ဖို့ လိုအပ် ပါ တယ်,idx_new_health_175
ဒါ့ကြောင့် ဖုန်း သုံး ပြီး တိုင်းလက်ဆေး ပါ,idx_new_health_176
ဒီ ကာကွယ်ဆေး တွေ ရဲ့ ကာကွယ် နိုင် မယ့် ကြာ ချိန် ဟာ ဒီ ကပ်ရောဂါ ကြီး အရမ်း မ ဆိုးရွား အောင် တားဆီး တဲ့ နေရာ မှာ အထူး အရေးပါ ပါ တယ်,idx_new_health_177
ဒီ ခုနှစ် ရက် လုံး ကို လည်း အိမ် မှာ သီးခြား နေ နေ ခဲ့ ပါ တယ်,idx_new_health_178
ဒီ စားပွဲ ကို ပဲ နောက် တစ်ယောက် က ကိုင် မိ တယ် ဆို ရင် ရောဂါ ပိုး ကူးစက် သွား နိုင် ပါ တယ်,idx_new_health_179
ဒီ တော့ ကလေး တွေ မှာ ချောင်းဆိုး နေ တာ စိုးရိမ် ရ မှာ လား ချောင်းဆိုး တာ တစ်ခု တည်း က စိုးရိမ် စရာ မ ဟုတ် ပါ ဘူး,idx_new_health_180
ဒီ အချိန် မှာ ကိုရိုနာ ဗိုင်းရပ်စ် ထက် ဆိုး တာ က တော့ အကြောက်လွန် တာ ပါ ပဲ,idx_new_health_181
ဓာတ်ဆား ရည် သောက် ပါ,idx_new_health_182
ဓာတ်ဆား ရည် သောက် သုံး ပါ,idx_new_health_183
နို့ညှစ် ကိရိယာ တွေ နို့ ဘူး တွေ ကို မ ကိုင်တွယ် ခင် လက်ဆေး ပါ,idx_new_health_184
နို့တိုက် နေ စဉ် နှာခေါင်းစည်း တပ် ပါ,idx_new_health_185
နို့တိုက် မ နေ တဲ့ အချိန် မှာ ကလေး နဲ့ ခြောက် ပေ အကွာ မှာ နေ ပါ,idx_new_health_186
နေမကောင်း သူ တွေ နဲ့ အနီးကပ် ထိ တွေ့ ဆက်ဆံ တာ ကို ရှောင် ပါ,idx_new_health_187
နေရောင်ခြည် ဟာ ဗိုင်းရပ်စ် ရဲ့ ကြီးထွား နိုင်စွမ်း ကို တစ်ဝက် ခန့် ဖြတ်တောက် နိုင် ပါ တယ်,idx_new_health_188
နောက် တစ်နည်း ဆို ရ ရင် ကာကွယ်ဆေး ထိုး ထား တဲ့ သူ ကိုယ်ခံအား ရှိ သူ များ လေ ရောဂါ ကူးစက်မှု နည်း လေ လေ ပါ ပဲ,idx_new_health_189
နှစ်ထောင့်ဆယ့်သုံး မှာ ပြုလုပ် ခဲ့ တဲ့ လေ့လာမှု တစ်ခု အရ အဝတ် မက်စ် တွေ ဟာ နောက်ဆုံး လက်နက် ပါ တဲ့,idx_new_health_190
နှာခေါင်း ထဲ ကို အစက်ချ တဲ့ ဆလိုင်း ပုလင်း ငယ် လေး တွေ က နေ အစက်ချ ပြီး နှာခေါင်း ကို သန့်စင် အောင် ပွင့် အောင် လုပ် လို့ ရ ပါ တယ်,idx_new_health_191
နှာခေါင်း ပါးစပ် ကို ဖုံးအုပ် ထား ပါ နှာချေ ချောင်းဆိုး တိုင်း တစ်သျှူး နဲ့ အုပ် ပါ,idx_new_health_192
နှာခေါင်းစည်း ကို ချွတ် ရင် မျက်နှာ ကို လက် နဲ့ မ ထိ ပါ နဲ့,idx_new_health_193
နှာခေါင်းစည်း ကို လည်း သေချာ စွန့်ပစ် ပါ,idx_new_health_194
နှာခေါင်းစည်း တပ် ပါ,idx_new_health_195
နှာခေါင်းစည်း တပ် ဖို့ မ မေ့ ပါ နဲ့,idx_new_health_196
နှာခေါင်းစီး မက်စ် တပ်တာ က သာမန် အတိုင်း ကြည့် မယ် ဆို ရောဂါ ကို ကာကွယ် နိုင် တဲ့ နည်းလမ်း လို့ ထင် ရ ပါ တယ်,idx_new_health_197
နှာချေ ချောင်း ဆိုး တဲ့ အခါ လက် နဲ့ မ အုပ် ပါ နဲ့,idx_new_health_198
နှာချေ ချောင်းဆိုး ရင် တစ်သျှူး နဲ့ အုပ် ပြီး သေချာ စွန့်ပစ် ပါ,idx_new_health_199
နှာချေ ချောင်းဆိုး ရင် တစ်သျှူး နဲ့ အုပ် ပြီး အဖုံး ပါ တဲ့ အမှိုက်ခြင်း ထဲ ထည့် ပါ,idx_new_health_200
ပထမဆုံး ရေ ဆပ်ပြာ နဲ့ အရင် ဆေး ပါ,idx_new_health_201
ပထမဆုံး အနေနဲ့ တစ်ကိုယ်ရည် သန့်ရှင်းရေး ကို ဂရုစိုက် ရ ပါ မယ်,idx_new_health_202
ပိုးမွှား တွေ ရှိ နေ တတ် တဲ့ နေရာ တွေ ကို အဓိက ပိုးသတ် ပေး ရင် ရ ပါ တယ်,idx_new_health_203
ပိုးသတ် ပါ,idx_new_health_204
ပျံ့နှံ အောင် အနည်းဆုံး စက္ကန့် နှစ်ဆယ် လောက် ပွတ် ပါ,idx_new_health_205
ပြီး တာ နဲ့ အမှိုက်ပုံး ထဲ ပစ် ပါ,idx_new_health_206
ပြီး ရင် အယ်လ်ကိုဟော ခုနှစ်ဆယ် ပါ တဲ့ သန့်စင် ဆေးရည် ကို အသုံးပြု ပါ,idx_new_health_207
ဗီတာမင် စီ ကြွယ်ဝ တဲ့ အစားအသောက် တွေ ဥပမာ ကီဝီ စတော်ဘယ်ရီ လိမ္မော်သီး သင်္ဘောသီး ကိုက်လန် ခရမ်းချဉ်သီး ကို နေ့စဉ် ထည့်သွင်း စားသောက် ပါ,idx_new_health_208
ဗီတာမင် စီ ကြွယ်ဝ တဲ့ အားဆေး မျိုး ကို လည်း နေ့စဉ် မှီဝဲ လို့ ရ ပါ တယ်,idx_new_health_209
ဗီတာမင် စီ ကြွယ်ဝ သော အစားအသောက် များ ကို နေ့စဉ် စားသောက် ပါ,idx_new_health_210
ဗီတာမင် ဒီ ရရှိ စေ ဖို့ ခြံ ထဲ ဆင်း ပြီး နေရောင်ခြည် နဲ့ ထိတွေ့ တာ မျိုး ပြုလုပ် ပါ,idx_new_health_211
မ သန်ရှင်း တဲ့ လက် နဲ့ မျက်လုံး နှာခေါင်း ပါးစပ် တို့ ကို ကိုယ်တွယ် ခြင်း မ ပြုလုပ် ပါ နဲ့,idx_new_health_212
မက်စ် က သာ အခု ချိန် ထိ အကောင်းဆုံး ကာကွယ်ဆေး တစ်ခု ပါ ပဲ,idx_new_health_213
မက်စ် တပ် ပါ အပြင် ထွက် တိုင်း မက်စ် တပ် ဖို့ လို ပါ တယ်,idx_new_health_214
မက်စ် တပ်တာ က အကောင်းဆုံး ကာကွယ် နည်း တစ် ခု ဖြစ် ပြီး မှန်မှန်ကန်ကန် အသုံးပြု ရင် အသက်ရှူ လမ်းကြောင်း ရောဂါ ကူးစက်နှုန်း ကို ခုနှစ်ဆယ် အထိ လျှော့ချ ပေး နိုင် ပါ တယ်,idx_new_health_215
မကြာခဏ လက်ဆေး ပါ,idx_new_health_216
မနက် အစော ကြီး တွေ အားကစား လုပ် တဲ့ အခါ တွေ မှာ လည်း ဆိုး တတ် ပါ တယ်,idx_new_health_217
မိခင် နို့ ဆက် တိုက် ကျွေး ပါ,idx_new_health_218
မျက်နှာ ကို လက် နဲ့ မ ထိ ပါ နဲ့,idx_new_health_219
မျက်နှာ နဲ့ နှာခေါင်း တစ်ဝိုက် ကို ပွတ်သပ် ခြင်း သင့် ကို ဗိုင်းရပ်စ်ကူးစက် အောင် အလုပ်နိုင်ဆုံး လူ က သင် ကိုယ်တိုင် ပဲ ဖြစ် ပါ တယ်,idx_new_health_220
မျက်နှာ မျက်စိ နှာခေါင်း ပါးစပ် တွေ ကို လက် နဲ့ မ ကိုင် ပါ နဲ့,idx_new_health_221
မှား သော အယူအဆ အယ်ကိုဟော ပါ သော အရည် တွေ ကို သောက် ခြင်းဖြင့် ကိုယ်ခံ အားကောင်း စေ တယ်,idx_new_health_222
ရေ နဲ့ အရည် များများ သောက် ပါ,idx_new_health_223
ရောဂါ ကူးစက် နိုင်ခြေ နည်း အောင် ဖျားနာ နေ သူ တွေ နဲ့ နီးနီးကပ်ကပ် မ ထိ တွေ့ ဘဲ အနည်းဆုံး ခြောက် ပေ အကွာ မှာ နေ ပါ,idx_new_health_224
ရောဂါ ထိန်းချုပ်ရေး ဗဟိုက လက် ကို အနည်းဆုံး စက္ကန့် နှစ်ဆယ် ကြာ ဆေးကြော ပေး သင့် တယ် လို့ ဆို ကြ တယ်,idx_new_health_225
လက် ကို စင်ကြယ် စွာ မကြာခဏ ဆေးကြော ခြင်း ဟာ လည်း ကူးစက် ရောဂါ အများစု မှ ကာကွယ် ပေး နိုင် ပါ တယ်,idx_new_health_226
လက် ကို သေချာ ဆေး ပါ,idx_new_health_227
လက် တစ်ခု လုံး အတွက် လုံလောက် တဲ့ ပမာဏ ကို ယူ ပါ,idx_new_health_228
လက်ကိုင်ပုဝါ များ လက်သုတ်ပဝါ များ ကို လည်း မကြာခဏ လျှော် ဖွပ် ပေး သင့် ပါ တယ်,idx_new_health_229
လက်ကောက်ဝတ် မှာ အဆုံးသတ် ပါ,idx_new_health_230
လက်ဆေး ခြင်း ဟာ ကိုရိုနာ ဗိုင်းရပ်စ် ကူးစက်မှု ကို ကာကွယ် ဖို့ အရေးအကြီးဆုံး အဓိက အကျဆုံး အခြေခံ အချက် ဖြစ် ပါ တယ်,idx_new_health_231
လက်ဆေး တဲ့ နေရာ မှာ ရောဂါ ပိုးမွှား အားလုံး ကို သေ စေ နိုင် တဲ့ လက်ဆေး နည်း က တော့ ရေ ရယ် ဆပ်ပြာ ရယ် နဲ့ ဆေး တာ ပဲ ဖြစ် ပါ တယ်,idx_new_health_232
လက်ဆေး တဲ့ အခါ မှာ လည်း ဆပ်ပြာ နဲ့ ရေ အသုံးပြု ပြီး စက္ကန့် နှစ်ဆယ် ကြာ အောင် ဆေး ပါ,idx_new_health_233
လက်ဆေး တဲ့ အခါ မှာ လည်း လက်ဖဝါး လက်ဖမိုး လက်ခေါက်ချိုး လက်ကြား လက်မ မ ကျန် ရ ကုတ် ၍ ခြစ် ပါ လက္ခဏာ,idx_new_health_234
လက်ဆေး တဲ့ အခါ ရေ နဲ့ ဆပ်ပြာ ကို အသုံးပြု ပြီး စက္ကန့် နှစ်ဆယ် ခန့် ကြာ အောင် စနစ်တကျ ဆေး ရ မှာ ဖြစ် ပါ တယ်,idx_new_health_235
လက်ဆေး ပါ,idx_new_health_236
လက်ဆေး ဖို့ မ လွယ်ကူ ပါ က ဟန်းဂျယ်လ် ကို အသုံးပြု ပါ,idx_new_health_237
လက်ဆေး ဖို့ အဆင်မပြေ ပါ က အယ်လ်ကိုဟော ခြောက် ရာခိုင်နှုန်း အနည်းဆုံး ပါ သော လက်သန့်ဆေး ကို အသုံးပြု ပါ,idx_new_health_238
လက်ဆေး ရာ တွင် ရေ နှင့် ဆပ်ပြာ ကို သုံး ပြီး စက္ကန့် နှစ်ဆယ် ကြာ အောင် ဆေးကြော ပါ,idx_new_health_239
လက်ရှိ ကာလ မှာ ကိုရိုနာ ဗိုင်းရပ်စ် ဟာ ဆို ရင် တစ် ကမ္ဘာ လုံး ကို ခြိမ်းခြောက် လျက် ရှိ နေ တာ ဖြစ် ပါ တယ်,idx_new_health_240
လက်သန့် ဆေးရည် ကို အနည်းဆုံး အယ်လ်ကိုဟော ခြောက်ဆယ် ပါ တာ အသုံးပြု ပါ,idx_new_health_241
လက်သန့် ဆေးရည် ဟာ အနည်းဆုံး အယ်လ်ကိုဟော ခြောက်ဆယ် ပါ တာ က မှ အာနိသင် ရှိ မှာ ပါ,idx_new_health_242
လက်သန့် ဆေးရည်ဘူး များ ကို လည်း ဆောင် သွား ခြင်း နှာခေါင်းစည်း မက်စ် တပ် ခြင်း တို့ ပြုလုပ် ပါ,idx_new_health_243
လတ်တလော အထိ တော့ အစားအစာ က နေ ကိုရိုနာ ဗိုင်းရပ်စ် ပိုးကူး နိုင် တယ် ဆို တဲ့ အထောက်အထား မ တွေ့ ရှိ ရ သေး ပါ ဘူး,idx_new_health_244
လမ်း ပေါ် မ ထွက် ခင် အာဟာရ ပြည့်ဝ အောင် စား ခြင်း အိပ်ရေး ၀၀ အိပ်စက် ခြင်း တို့ ဖြင့် အားပြည့် နေ အောင် ကြိုတင် ပြင်ဆင် ထား သင့် ပါ တယ်,idx_new_health_245
လိုက်နာ ရ မှာ တွေ ရှိ သလို မက်စ် ကို လည်း တပ်မြဲ တိုင်း တပ် ထား ရ မှာ ဖြစ် ပါ တယ်,idx_new_health_246
လိုအပ် တဲ့ ဆေးဝါး တွေ ကို လည်း ကျန်းမာရေး နဲ့ ကုသရေး ဌာန က လိုအပ် သလို ထောက်ပံ့ ပေး လျက် ရှိ ပါ တယ်,idx_new_health_247
လူ တိုင်း ကာကွယ်ဆေး ထိုး ထား ရင် ရောဂါ ဖြစ် သူ တွေ မ ရှိ သလောက် ရှား သွား နိုင် တာ မို့ လို့ ရောဂါ ကူးစက် မှု ကို ရပ်တန့် သွား စေ တယ်,idx_new_health_248
လူ တိုင်း နီးပါး က တော့ အစားအသောက် မ စား ခင် အိမ်သာ တက် အပြီး နဲ့ ညစ်ပေ တဲ့ အရာ တွေ ကိုင် ပြီး ရင် တော့ လက်ဆေး တတ် ကြ ပါ တယ်,idx_new_health_249
လူ များ နှင့် နီးကပ် စွာ ပြောဆို ဆက်ဆံ ခြင်း ကို တတ် နိုင် သမျှ ရှောင် ပါ,idx_new_health_250
လူ အများ ထိ တွေ့ ကိုင်တွယ် နိုင် တဲ့ အရာ တစ်ခုခု ကို ကိုင်တွယ် ပြီး တိုင်း လက် ကို သေချာ စနစ်တကျ ဆေးရ မှာ ဖြစ် ပါ တယ်,idx_new_health_251
လူ အများ နဲ့ ခြောက် ပေ အကွာ မှာ နေ ပါ,idx_new_health_252
လူစုလူဝေး နှင့် ပြုလုပ် ရ သော လှုပ်ရှားမှု များ ကို ရှောင်ကြဉ် ပါ,idx_new_health_253
လူစုလူဝေး ရှောင် ပါ,idx_new_health_254
လူနာ ဆီ က ကိုရိုနာ ဗိုင်းရပ်စ်ပိုး တွေ ဟာ လေး မီတာ အထိ ပျံ့နှံ့ ရောက် ရှိ နိုင်,idx_new_health_255
လူမျိုး ဘာသာ မ ရွေး အသက်အရွယ် မ ရွေး ကို ခြောက်လှန့် လျက် ရှိ ပါ တယ်,idx_new_health_256
လေဝင် လေထွက် မ ကောင်း တဲ့ နေရာ တွေ မှာ မ နေ ပါ နဲ့,idx_new_health_257
လေ့လာမှု တွေ အရ ပျောက်ကင်း ဖို့ အချိန် ကြာ တတ် တဲ့ ရောဂါ လက္ခဏာ ငါး မျိုး အကြောင်း ကို ပြော ပေး သွား ပါ မယ် နော်,idx_new_health_258
လျှပ်စစ် ပစ္စည်း တွေ ကို တော့ ပိုးသတ်ဆေး ပါ ပြီး သား အဝတ် တွေ ကို အသုံးပြု ပြီး သန့်စင် ပါ,idx_new_health_259
သင် နေမကောင်း ဖြစ် ရင် တတ် နိုင် သမျှ အိမ် မှာ နေ ပါ,idx_new_health_260
သင် ဟာ ငယ်ရွယ် တယ် ကျန်းမာ တယ် ဆို ရုံ နဲ့ ဒီ ကိုရိုနာ ဗိုင်းရပ်စ် က သင့် ဆီ မ ရောက် လာ နိုင် ဘူး လို့ မ ထင် ပါ နဲ့,idx_new_health_261
သင့် ကို သင် ကိုရိုနာ ဗိုင်းရပ်စ် ကူးစက် ခြင်း က နေ ကာကွယ် ဖို့ အရေးကြီးဆုံး လုပ် သင့် တာ က လက်ဆေး တာ ပါ ပဲ,idx_new_health_262
သင့် ကိုယ်ခံအား မ ကောင်း ရင် ကိုရိုနာ ဗိုင်းရပ်စ် ကူးစက် ခံ ရ နိုင်ခြေ ပို များ ပါ တယ်,idx_new_health_263
သင့် အခန်း ထဲ ရှိ လက် နဲ့ ကိုင်တွယ်မှု များ သော ပစ္စည်း များ ကို အရက် ပြန် ဖြင့် ဆေးကြော ပါ,idx_new_health_264
သတိ ပေး ချက် တွေ ကို လိုက်နာ ပါ,idx_new_health_265
သဘာဝ အတိုင်း ကိုယ်ခံအား တက် စေ တဲ့ အစားအစာ များ ဖြစ် တဲ့ ကြက်သွန်ဖြူ ချင်း နနွင်း နံနံပင် အရိုး စွပ်ပြုတ် များ ကို နေ့စဉ် ချက်ပြုတ် စားသောက် ပါ,idx_new_health_266
သုတ် ပစ် လိုက် တာ မျိုး မ လုပ် ပါ နဲ့,idx_new_health_267
သူ က ရေ နဲ့ ဆပ်ပြာ လောက် တော့ ပိုးမွှား တွေ ကို မ သေ စေ ပါ ဘူး,idx_new_health_268
သူများ နဲ့ ခြောက် ပေ အကွာ မှာ မ နေ နိုင် ရင် နှာခေါင်းစည်း တပ် ထား ဖို့ လို ပါ တယ်,idx_new_health_269
သူ့ ဘာသာ ခြောက် အောင် ထား ပါ,idx_new_health_270
ဟင်းသီးဟင်းရွက် နဲ့ သစ်သီး များများ စား ပေး ပါ,idx_new_health_271
အခြား သူ များ နှင့် ပန်းကန် ဇွန်း ခွက် မျက်နှာသုတ် ပဝါ အိပ်ရာခင်း တို့ မျှဝေ သုံးစွဲ ခြင်း မ ပြု သင့် ပါ,idx_new_health_272
အခြား သူ များ နှင့် အနည်းဆုံး ခြောက် ပေ အကွာ တွင် နေ ပါ,idx_new_health_273
အစာ မ စား ခင်စား ပြီး အိမ်သာ တက် ပြီး တိုင်း အပြင် က ပြန်လာ တိုင်း နှာချေ ချောင်းဆိုး ပြီး တိုင်း လက်ဆေး ပါ,idx_new_health_274
အစားအသောက် က နေ တစ်ဆင့် ကိုရိုနာ ဗိုင်းရပ်စ် ကူး တယ် ဆို တဲ့ အထောက်အထား တော့ မ တွေ့ ရှိ သေး ပါ ဘူး,idx_new_health_275
အဆုတ် သို့ လေ လမ်းကြောင်း က နေ ထုတ် လိုက် တဲ့ အရာ ဆို တာ ချွဲ သလိပ် တွေ ပါ ပဲ,idx_new_health_276
အထူးသဖြင့် အခု လို ကပ်ရောဂါ အသွင် ဖြစ် နေ ချိန် မှာ ဆေးလိပ် သောက် သူ တွေ အတွက် အန္တရာယ် ပို များ ပါ တယ်,idx_new_health_277
အနည်းဆုံး စက္ကန့် နှစ်ဆယ် သုံးဆယ် ကြာ အောင် ဆေး ပါ,idx_new_health_278
အနည်းဆုံး သုံး ပေ ခွာ ပါ,idx_new_health_279
အနီး တွင် မက်စ် မ တပ် ထား သော သူ များ ရှိ ပါ က ဝေးဝေး နေ ပါ,idx_new_health_280
အပြင် က ပါ လာ တဲ့ ပစ္စည်း တွေ ကို အိမ် ထဲ တန်း မ ထည့် ပါ နဲ့,idx_new_health_281
အပြင် က ပြန်လာ ရင် လက်ဆေး ပါ,idx_new_health_282
အပြင် ထွက် တိုင်း မက်စ် တပ် ပါ,idx_new_health_283
အပြင် မ ထွက် ကြ ပါ နဲ့,idx_new_health_284
အပြင် မှာ အလုပ် မှာ နှာခေါင်းစည်းတပ် ပါ,idx_new_health_285
အပြင် သွား တိုင်း နှာခေါင်းစည်း အပို လက်သန့် ဆေးရည် တစ်သျှူး စ တာ တွေ ဆောင် ထား ပါ,idx_new_health_286
အလုပ် မှာ လေထု ညစ်ညမ်းမှု တွေ ရှိ ရင် မက်စ် တပ် ပါ,idx_new_health_287
အဝတ် တွေ မှာ ဗိုင်းရပ်စ် ပိုး ဟာ တော်တော် ကြာ ကြာ နေ နိုင် ပါ တယ်,idx_new_health_288
အဝတ် နှာခေါင်းစည်း ဟာ ခွဲခန်း သုံး နှာခေါင်းစည်း လို ကာကွယ်မှု မ ပေး နိုင် ပေမယ့် ဘာ မှ မ တပ် ထား တာ ထက် စာ ရင် တော် ပါ သေး တယ်,idx_new_health_289
အဝတ် မက်စ် ကို တော့ သုံး ပြီး ရင် ပြန် ပြန် လျှော် ပေး ဖို့ လိုအပ် ပါ တယ်,idx_new_health_290
အဝတ် မက်စ် ရိုးရိုး မက်စ် တွေ တပ် လို့ ရ ပါ တယ်,idx_new_health_291
အဝတ်လျှော် ပြီး ရင် လက် ကို ဆပ်ပြာ နဲ့ သေချာ ပြန် ဆေး ပါ,idx_new_health_292
အဝတ်အစား လဲ ပြီး အပြင် ကို ဝတ် သွား တဲ့ အဝတ် တွေ ကို လျှော် ဖွပ် သန့်စင် ပါ,idx_new_health_293
အသား ငါး နဲ့ ကစီဓာတ် များများ စားသုံး ပါ,idx_new_health_294
အသား ငါး ဟင်းသီးဟင်းရွက် များ ကို မ ချက်ပြုတ် ခင် မှာ ရေ စင်စင် ဆေး ပါ,idx_new_health_295
အသား ငါး အစိမ်း များ နှင့် ချက်ပြုတ် ပြီး အသား ငါး များ ကို ရော ထား ခြင်း ကို ရှောင်ကြဉ် ပါ,idx_new_health_296
အသားကင် များ စတိခ် များ လုပ် ရာတွင် လည်း အသားကျက် အောင် ဂရုပြု ပါ,idx_new_health_297
အသားစိမ်း ငါးစိမ်း များ ကို မ ကိုင်တွယ် မီ နဲ့ ကိုင်တွယ် ပြီး မှာ လက်သေချာ ဆေး ပါ,idx_new_health_298
အသားဟင်း များ ချက် ရာ တွင် သေချာ ကျက်အောင် ချက်ပြုတ် ပါ,idx_new_health_299
အသုံးပြု ပြီး တစ်သျှူး ကို ချက်ချင်း ပစ် ပါ,idx_new_health_300
အသုံးပြု ပြီး ရင် လည်း ပစ္စည်း အစိတ်အပိုင်း တိုင်း ကို ပြန်လည် ဆေးကြော ပေး ပါ,idx_new_health_301
အိပ်ရေး ၀၀ အိပ်စက် ပါ,idx_new_health_302
အိမ် ကို လေဝင် လေထွက် ကောင်း အောင် ထား ပါ ပြတင်းပေါက် တွေ ဖွင့် ထား ပါ,idx_new_health_303
အိမ် ကို သန့်သန့် ရှင်းရှင်း ထား ပါ,idx_new_health_304
အိမ် ပြင် ထွက် ရ သည့် အခါ တိုင်း မက်စ် တပ် ပါ,idx_new_health_305
အိမ် မှာ ထိတွေ့ ကိုင်တွယ်မှု များ တဲ့ နေရာ တွေ ကို သန့်ရှင်း ပါ ပိုးသတ် ပါ,idx_new_health_306
အိမ် မှာ နေ စဉ် လည်း အနီးအနား တွင် မိသားစု ဝင် များ ရှိ ပါ က နှာခေါင်းစည်း တပ် ပါ,idx_new_health_307
အိမ် ရှိ စားပွဲ မီးဖိုချောင် ရေချိုးခန်း အိမ်သာ ရေခဲသေတ္တာ စသည် တို့ အား သင် အသုံးပြု ပြီး တိုင်း ပိုးသတ် ဆေးရည် ဖြင့် ဖျန်း ပါ,idx_new_health_308
အိမ် ရှိ မိသားစု ဝင် များ ကို လည်း နှာခေါင်းစည်း တပ်ဆင် ခိုင်း ခြင်း လက် ကို မကြာခဏ ဆေးကြော ခြင်း တို့ မဖြစ် မ နေ ပြုလုပ် ပါ,idx_new_health_309
အိမ် အလည် သွား တာ အပြင် ထွက် တာ တွေ ရှောင် ပါ,idx_new_health_310
အဲ့လို ဖြစ် လာ ရင် ကာကွယ်ဆေး ထိုး ဖို့ မ သင့် တော် တဲ့ သူ တွေ အနေ နဲ့ ရောဂါ ကူးစက် မှာ ကို စိတ်ပူ စရာ မ လို ပါ ဘူး,idx_new_health_311
ဥပမာ ပြော ရ ရင် အစာအိမ် အနာ ရှိ နေ ရင် အိုင်ဘီယူပရိုဖန်း မ သောက် သင့် ပါ ဘူး,idx_new_health_312
၀က်တစ်သျှူး လို အရာ တွေ က တော့ လက် ကို သုတ် မယ့် အစား ပစ္စည်း တွေ ကို သန့်ရှင်းရေး လုပ် ဖို့ လောက် ပဲ သင့်တော် ပါ တယ် တဲ့,idx_new_health_313
ကိုရိုနာ ဗိုင်းရပ်စ် ကူးစက် ခံ ရ သော ကလေး များ တွင် အူလမ်းကြောင်း ဆိုင်ရာ ဝေဒနာ များ မျက်စိ နဲ့ နှလုံး ရောဂါ သွေးကြော နံရံ များ ရောင်ရမ်း ခြင်း နဲ့ သွေးဆိပ် တက် ရော,idx_new_health_314
ချက်ချင်း လျှော် ပါ,idx_new_health_315
သေချာ အခြောက်ခံ ပါ,idx_new_health_316
အဝတ် တွေ ကို ခါ တာ မျိုး မ လုပ် ပါ နဲ့ ပိုး တွေ ပြန့် သွား နိုင် လို့ ပါ,idx_new_health_317
